"y","lag.1","lag.2","lag.3","lag.4","lag.5","lag.6","lag.7","lag.8","lag.9","lag.10","lag.11","lag.12","lag.13","lag.14","lag.15","lag.16","lag.17","lag.18","lag.19","lag.20","lag.21","lag.22","lag.23","lag.24","lag.25","lag.26","lag.27","lag.28","lag.29","lag.30"
0,0,0,0,0,0,0,0,4.18,0,0,9,0,0,0,0,0,0,0,0,0,0,8.99,0,0,0,13,0,0,0,33.95
0,0,0,0,0,0,0,0,0,4.18,0,0,9,0,0,0,0,0,0,0,0,0,0,8.99,0,0,0,13,0,0,0
0,0,0,0,0,0,0,0,0,0,4.18,0,0,9,0,0,0,0,0,0,0,0,0,0,8.99,0,0,0,13,0,0
0,0,0,0,0,0,0,0,0,0,0,4.18,0,0,9,0,0,0,0,0,0,0,0,0,0,8.99,0,0,0,13,0
0,0,0,0,0,0,0,0,0,0,0,0,4.18,0,0,9,0,0,0,0,0,0,0,0,0,0,8.99,0,0,0,13
25.42,0,0,0,0,0,0,0,0,0,0,0,0,4.18,0,0,9,0,0,0,0,0,0,0,0,0,0,8.99,0,0,0
0,25.42,0,0,0,0,0,0,0,0,0,0,0,0,4.18,0,0,9,0,0,0,0,0,0,0,0,0,0,8.99,0,0
0,0,25.42,0,0,0,0,0,0,0,0,0,0,0,0,4.18,0,0,9,0,0,0,0,0,0,0,0,0,0,8.99,0
0,0,0,25.42,0,0,0,0,0,0,0,0,0,0,0,0,4.18,0,0,9,0,0,0,0,0,0,0,0,0,0,8.99
0,0,0,0,25.42,0,0,0,0,0,0,0,0,0,0,0,0,4.18,0,0,9,0,0,0,0,0,0,0,0,0,0
0,0,0,0,0,25.42,0,0,0,0,0,0,0,0,0,0,0,0,4.18,0,0,9,0,0,0,0,0,0,0,0,0
0,0,0,0,0,0,25.42,0,0,0,0,0,0,0,0,0,0,0,0,4.18,0,0,9,0,0,0,0,0,0,0,0
0,0,0,0,0,0,0,25.42,0,0,0,0,0,0,0,0,0,0,0,0,4.18,0,0,9,0,0,0,0,0,0,0
0,0,0,0,0,0,0,0,25.42,0,0,0,0,0,0,0,0,0,0,0,0,4.18,0,0,9,0,0,0,0,0,0
0,0,0,0,0,0,0,0,0,25.42,0,0,0,0,0,0,0,0,0,0,0,0,4.18,0,0,9,0,0,0,0,0
0,0,0,0,0,0,0,0,0,0,25.42,0,0,0,0,0,0,0,0,0,0,0,0,4.18,0,0,9,0,0,0,0
0,0,0,0,0,0,0,0,0,0,0,25.42,0,0,0,0,0,0,0,0,0,0,0,0,4.18,0,0,9,0,0,0
0,0,0,0,0,0,0,0,0,0,0,0,25.42,0,0,0,0,0,0,0,0,0,0,0,0,4.18,0,0,9,0,0
0,0,0,0,0,0,0,0,0,0,0,0,0,25.42,0,0,0,0,0,0,0,0,0,0,0,0,4.18,0,0,9,0
16.25,0,0,0,0,0,0,0,0,0,0,0,0,0,25.42,0,0,0,0,0,0,0,0,0,0,0,0,4.18,0,0,9
0,16.25,0,0,0,0,0,0,0,0,0,0,0,0,0,25.42,0,0,0,0,0,0,0,0,0,0,0,0,4.18,0,0
0,0,16.25,0,0,0,0,0,0,0,0,0,0,0,0,0,25.42,0,0,0,0,0,0,0,0,0,0,0,0,4.18,0
0,0,0,16.25,0,0,0,0,0,0,0,0,0,0,0,0,0,25.42,0,0,0,0,0,0,0,0,0,0,0,0,4.18
0,0,0,0,16.25,0,0,0,0,0,0,0,0,0,0,0,0,0,25.42,0,0,0,0,0,0,0,0,0,0,0,0
0,0,0,0,0,16.25,0,0,0,0,0,0,0,0,0,0,0,0,0,25.42,0,0,0,0,0,0,0,0,0,0,0
0,0,0,0,0,0,16.25,0,0,0,0,0,0,0,0,0,0,0,0,0,25.42,0,0,0,0,0,0,0,0,0,0
0,0,0,0,0,0,0,16.25,0,0,0,0,0,0,0,0,0,0,0,0,0,25.42,0,0,0,0,0,0,0,0,0
0,0,0,0,0,0,0,0,16.25,0,0,0,0,0,0,0,0,0,0,0,0,0,25.42,0,0,0,0,0,0,0,0
0,0,0,0,0,0,0,0,0,16.25,0,0,0,0,0,0,0,0,0,0,0,0,0,25.42,0,0,0,0,0,0,0
0,0,0,0,0,0,0,0,0,0,16.25,0,0,0,0,0,0,0,0,0,0,0,0,0,25.42,0,0,0,0,0,0
0,0,0,0,0,0,0,0,0,0,0,16.25,0,0,0,0,0,0,0,0,0,0,0,0,0,25.42,0,0,0,0,0
11.5,0,0,0,0,0,0,0,0,0,0,0,16.25,0,0,0,0,0,0,0,0,0,0,0,0,0,25.42,0,0,0,0
71.74,11.5,0,0,0,0,0,0,0,0,0,0,0,16.25,0,0,0,0,0,0,0,0,0,0,0,0,0,25.42,0,0,0
25.4,71.74,11.5,0,0,0,0,0,0,0,0,0,0,0,16.25,0,0,0,0,0,0,0,0,0,0,0,0,0,25.42,0,0
0,25.4,71.74,11.5,0,0,0,0,0,0,0,0,0,0,0,16.25,0,0,0,0,0,0,0,0,0,0,0,0,0,25.42,0
4.78,0,25.4,71.74,11.5,0,0,0,0,0,0,0,0,0,0,0,16.25,0,0,0,0,0,0,0,0,0,0,0,0,0,25.42
9.71,4.78,0,25.4,71.74,11.5,0,0,0,0,0,0,0,0,0,0,0,16.25,0,0,0,0,0,0,0,0,0,0,0,0,0
0,9.71,4.78,0,25.4,71.74,11.5,0,0,0,0,0,0,0,0,0,0,0,16.25,0,0,0,0,0,0,0,0,0,0,0,0
0,0,9.71,4.78,0,25.4,71.74,11.5,0,0,0,0,0,0,0,0,0,0,0,16.25,0,0,0,0,0,0,0,0,0,0,0
0,0,0,9.71,4.78,0,25.4,71.74,11.5,0,0,0,0,0,0,0,0,0,0,0,16.25,0,0,0,0,0,0,0,0,0,0
13.01,0,0,0,9.71,4.78,0,25.4,71.74,11.5,0,0,0,0,0,0,0,0,0,0,0,16.25,0,0,0,0,0,0,0,0,0
0,13.01,0,0,0,9.71,4.78,0,25.4,71.74,11.5,0,0,0,0,0,0,0,0,0,0,0,16.25,0,0,0,0,0,0,0,0
0,0,13.01,0,0,0,9.71,4.78,0,25.4,71.74,11.5,0,0,0,0,0,0,0,0,0,0,0,16.25,0,0,0,0,0,0,0
12.74,0,0,13.01,0,0,0,9.71,4.78,0,25.4,71.74,11.5,0,0,0,0,0,0,0,0,0,0,0,16.25,0,0,0,0,0,0
7.62,12.74,0,0,13.01,0,0,0,9.71,4.78,0,25.4,71.74,11.5,0,0,0,0,0,0,0,0,0,0,0,16.25,0,0,0,0,0
0,7.62,12.74,0,0,13.01,0,0,0,9.71,4.78,0,25.4,71.74,11.5,0,0,0,0,0,0,0,0,0,0,0,16.25,0,0,0,0
9.41,0,7.62,12.74,0,0,13.01,0,0,0,9.71,4.78,0,25.4,71.74,11.5,0,0,0,0,0,0,0,0,0,0,0,16.25,0,0,0
0,9.41,0,7.62,12.74,0,0,13.01,0,0,0,9.71,4.78,0,25.4,71.74,11.5,0,0,0,0,0,0,0,0,0,0,0,16.25,0,0
0,0,9.41,0,7.62,12.74,0,0,13.01,0,0,0,9.71,4.78,0,25.4,71.74,11.5,0,0,0,0,0,0,0,0,0,0,0,16.25,0
0,0,0,9.41,0,7.62,12.74,0,0,13.01,0,0,0,9.71,4.78,0,25.4,71.74,11.5,0,0,0,0,0,0,0,0,0,0,0,16.25
0,0,0,0,9.41,0,7.62,12.74,0,0,13.01,0,0,0,9.71,4.78,0,25.4,71.74,11.5,0,0,0,0,0,0,0,0,0,0,0
7.07,0,0,0,0,9.41,0,7.62,12.74,0,0,13.01,0,0,0,9.71,4.78,0,25.4,71.74,11.5,0,0,0,0,0,0,0,0,0,0
13.5,7.07,0,0,0,0,9.41,0,7.62,12.74,0,0,13.01,0,0,0,9.71,4.78,0,25.4,71.74,11.5,0,0,0,0,0,0,0,0,0
11.34,13.5,7.07,0,0,0,0,9.41,0,7.62,12.74,0,0,13.01,0,0,0,9.71,4.78,0,25.4,71.74,11.5,0,0,0,0,0,0,0,0
0,11.34,13.5,7.07,0,0,0,0,9.41,0,7.62,12.74,0,0,13.01,0,0,0,9.71,4.78,0,25.4,71.74,11.5,0,0,0,0,0,0,0
0,0,11.34,13.5,7.07,0,0,0,0,9.41,0,7.62,12.74,0,0,13.01,0,0,0,9.71,4.78,0,25.4,71.74,11.5,0,0,0,0,0,0
5.43,0,0,11.34,13.5,7.07,0,0,0,0,9.41,0,7.62,12.74,0,0,13.01,0,0,0,9.71,4.78,0,25.4,71.74,11.5,0,0,0,0,0
0,5.43,0,0,11.34,13.5,7.07,0,0,0,0,9.41,0,7.62,12.74,0,0,13.01,0,0,0,9.71,4.78,0,25.4,71.74,11.5,0,0,0,0
0,0,5.43,0,0,11.34,13.5,7.07,0,0,0,0,9.41,0,7.62,12.74,0,0,13.01,0,0,0,9.71,4.78,0,25.4,71.74,11.5,0,0,0
11.25,0,0,5.43,0,0,11.34,13.5,7.07,0,0,0,0,9.41,0,7.62,12.74,0,0,13.01,0,0,0,9.71,4.78,0,25.4,71.74,11.5,0,0
23.83,11.25,0,0,5.43,0,0,11.34,13.5,7.07,0,0,0,0,9.41,0,7.62,12.74,0,0,13.01,0,0,0,9.71,4.78,0,25.4,71.74,11.5,0
0,23.83,11.25,0,0,5.43,0,0,11.34,13.5,7.07,0,0,0,0,9.41,0,7.62,12.74,0,0,13.01,0,0,0,9.71,4.78,0,25.4,71.74,11.5
0,0,23.83,11.25,0,0,5.43,0,0,11.34,13.5,7.07,0,0,0,0,9.41,0,7.62,12.74,0,0,13.01,0,0,0,9.71,4.78,0,25.4,71.74
15.49,0,0,23.83,11.25,0,0,5.43,0,0,11.34,13.5,7.07,0,0,0,0,9.41,0,7.62,12.74,0,0,13.01,0,0,0,9.71,4.78,0,25.4
0,15.49,0,0,23.83,11.25,0,0,5.43,0,0,11.34,13.5,7.07,0,0,0,0,9.41,0,7.62,12.74,0,0,13.01,0,0,0,9.71,4.78,0
0,0,15.49,0,0,23.83,11.25,0,0,5.43,0,0,11.34,13.5,7.07,0,0,0,0,9.41,0,7.62,12.74,0,0,13.01,0,0,0,9.71,4.78
14.37,0,0,15.49,0,0,23.83,11.25,0,0,5.43,0,0,11.34,13.5,7.07,0,0,0,0,9.41,0,7.62,12.74,0,0,13.01,0,0,0,9.71
0,14.37,0,0,15.49,0,0,23.83,11.25,0,0,5.43,0,0,11.34,13.5,7.07,0,0,0,0,9.41,0,7.62,12.74,0,0,13.01,0,0,0
0,0,14.37,0,0,15.49,0,0,23.83,11.25,0,0,5.43,0,0,11.34,13.5,7.07,0,0,0,0,9.41,0,7.62,12.74,0,0,13.01,0,0
0,0,0,14.37,0,0,15.49,0,0,23.83,11.25,0,0,5.43,0,0,11.34,13.5,7.07,0,0,0,0,9.41,0,7.62,12.74,0,0,13.01,0
0,0,0,0,14.37,0,0,15.49,0,0,23.83,11.25,0,0,5.43,0,0,11.34,13.5,7.07,0,0,0,0,9.41,0,7.62,12.74,0,0,13.01
7.07,0,0,0,0,14.37,0,0,15.49,0,0,23.83,11.25,0,0,5.43,0,0,11.34,13.5,7.07,0,0,0,0,9.41,0,7.62,12.74,0,0
0,7.07,0,0,0,0,14.37,0,0,15.49,0,0,23.83,11.25,0,0,5.43,0,0,11.34,13.5,7.07,0,0,0,0,9.41,0,7.62,12.74,0
16.1,0,7.07,0,0,0,0,14.37,0,0,15.49,0,0,23.83,11.25,0,0,5.43,0,0,11.34,13.5,7.07,0,0,0,0,9.41,0,7.62,12.74
0,16.1,0,7.07,0,0,0,0,14.37,0,0,15.49,0,0,23.83,11.25,0,0,5.43,0,0,11.34,13.5,7.07,0,0,0,0,9.41,0,7.62
0,0,16.1,0,7.07,0,0,0,0,14.37,0,0,15.49,0,0,23.83,11.25,0,0,5.43,0,0,11.34,13.5,7.07,0,0,0,0,9.41,0
0,0,0,16.1,0,7.07,0,0,0,0,14.37,0,0,15.49,0,0,23.83,11.25,0,0,5.43,0,0,11.34,13.5,7.07,0,0,0,0,9.41
0,0,0,0,16.1,0,7.07,0,0,0,0,14.37,0,0,15.49,0,0,23.83,11.25,0,0,5.43,0,0,11.34,13.5,7.07,0,0,0,0
0,0,0,0,0,16.1,0,7.07,0,0,0,0,14.37,0,0,15.49,0,0,23.83,11.25,0,0,5.43,0,0,11.34,13.5,7.07,0,0,0
0,0,0,0,0,0,16.1,0,7.07,0,0,0,0,14.37,0,0,15.49,0,0,23.83,11.25,0,0,5.43,0,0,11.34,13.5,7.07,0,0
13.01,0,0,0,0,0,0,16.1,0,7.07,0,0,0,0,14.37,0,0,15.49,0,0,23.83,11.25,0,0,5.43,0,0,11.34,13.5,7.07,0
0,13.01,0,0,0,0,0,0,16.1,0,7.07,0,0,0,0,14.37,0,0,15.49,0,0,23.83,11.25,0,0,5.43,0,0,11.34,13.5,7.07
112.04,0,13.01,0,0,0,0,0,0,16.1,0,7.07,0,0,0,0,14.37,0,0,15.49,0,0,23.83,11.25,0,0,5.43,0,0,11.34,13.5
50.52,112.04,0,13.01,0,0,0,0,0,0,16.1,0,7.07,0,0,0,0,14.37,0,0,15.49,0,0,23.83,11.25,0,0,5.43,0,0,11.34
10.01,50.52,112.04,0,13.01,0,0,0,0,0,0,16.1,0,7.07,0,0,0,0,14.37,0,0,15.49,0,0,23.83,11.25,0,0,5.43,0,0
9,10.01,50.52,112.04,0,13.01,0,0,0,0,0,0,16.1,0,7.07,0,0,0,0,14.37,0,0,15.49,0,0,23.83,11.25,0,0,5.43,0
0,9,10.01,50.52,112.04,0,13.01,0,0,0,0,0,0,16.1,0,7.07,0,0,0,0,14.37,0,0,15.49,0,0,23.83,11.25,0,0,5.43
17.49,0,9,10.01,50.52,112.04,0,13.01,0,0,0,0,0,0,16.1,0,7.07,0,0,0,0,14.37,0,0,15.49,0,0,23.83,11.25,0,0
0,17.49,0,9,10.01,50.52,112.04,0,13.01,0,0,0,0,0,0,16.1,0,7.07,0,0,0,0,14.37,0,0,15.49,0,0,23.83,11.25,0
0,0,17.49,0,9,10.01,50.52,112.04,0,13.01,0,0,0,0,0,0,16.1,0,7.07,0,0,0,0,14.37,0,0,15.49,0,0,23.83,11.25
0,0,0,17.49,0,9,10.01,50.52,112.04,0,13.01,0,0,0,0,0,0,16.1,0,7.07,0,0,0,0,14.37,0,0,15.49,0,0,23.83
0,0,0,0,17.49,0,9,10.01,50.52,112.04,0,13.01,0,0,0,0,0,0,16.1,0,7.07,0,0,0,0,14.37,0,0,15.49,0,0
13.3,0,0,0,0,17.49,0,9,10.01,50.52,112.04,0,13.01,0,0,0,0,0,0,16.1,0,7.07,0,0,0,0,14.37,0,0,15.49,0
0,13.3,0,0,0,0,17.49,0,9,10.01,50.52,112.04,0,13.01,0,0,0,0,0,0,16.1,0,7.07,0,0,0,0,14.37,0,0,15.49
0,0,13.3,0,0,0,0,17.49,0,9,10.01,50.52,112.04,0,13.01,0,0,0,0,0,0,16.1,0,7.07,0,0,0,0,14.37,0,0
13.17,0,0,13.3,0,0,0,0,17.49,0,9,10.01,50.52,112.04,0,13.01,0,0,0,0,0,0,16.1,0,7.07,0,0,0,0,14.37,0
0,13.17,0,0,13.3,0,0,0,0,17.49,0,9,10.01,50.52,112.04,0,13.01,0,0,0,0,0,0,16.1,0,7.07,0,0,0,0,14.37
0,0,13.17,0,0,13.3,0,0,0,0,17.49,0,9,10.01,50.52,112.04,0,13.01,0,0,0,0,0,0,16.1,0,7.07,0,0,0,0
0,0,0,13.17,0,0,13.3,0,0,0,0,17.49,0,9,10.01,50.52,112.04,0,13.01,0,0,0,0,0,0,16.1,0,7.07,0,0,0
9,0,0,0,13.17,0,0,13.3,0,0,0,0,17.49,0,9,10.01,50.52,112.04,0,13.01,0,0,0,0,0,0,16.1,0,7.07,0,0
0,9,0,0,0,13.17,0,0,13.3,0,0,0,0,17.49,0,9,10.01,50.52,112.04,0,13.01,0,0,0,0,0,0,16.1,0,7.07,0
0,0,9,0,0,0,13.17,0,0,13.3,0,0,0,0,17.49,0,9,10.01,50.52,112.04,0,13.01,0,0,0,0,0,0,16.1,0,7.07
0,0,0,9,0,0,0,13.17,0,0,13.3,0,0,0,0,17.49,0,9,10.01,50.52,112.04,0,13.01,0,0,0,0,0,0,16.1,0
6.66,0,0,0,9,0,0,0,13.17,0,0,13.3,0,0,0,0,17.49,0,9,10.01,50.52,112.04,0,13.01,0,0,0,0,0,0,16.1
0,6.66,0,0,0,9,0,0,0,13.17,0,0,13.3,0,0,0,0,17.49,0,9,10.01,50.52,112.04,0,13.01,0,0,0,0,0,0
0,0,6.66,0,0,0,9,0,0,0,13.17,0,0,13.3,0,0,0,0,17.49,0,9,10.01,50.52,112.04,0,13.01,0,0,0,0,0
0,0,0,6.66,0,0,0,9,0,0,0,13.17,0,0,13.3,0,0,0,0,17.49,0,9,10.01,50.52,112.04,0,13.01,0,0,0,0
2.01,0,0,0,6.66,0,0,0,9,0,0,0,13.17,0,0,13.3,0,0,0,0,17.49,0,9,10.01,50.52,112.04,0,13.01,0,0,0
0,2.01,0,0,0,6.66,0,0,0,9,0,0,0,13.17,0,0,13.3,0,0,0,0,17.49,0,9,10.01,50.52,112.04,0,13.01,0,0
0,0,2.01,0,0,0,6.66,0,0,0,9,0,0,0,13.17,0,0,13.3,0,0,0,0,17.49,0,9,10.01,50.52,112.04,0,13.01,0
5.18,0,0,2.01,0,0,0,6.66,0,0,0,9,0,0,0,13.17,0,0,13.3,0,0,0,0,17.49,0,9,10.01,50.52,112.04,0,13.01
0,5.18,0,0,2.01,0,0,0,6.66,0,0,0,9,0,0,0,13.17,0,0,13.3,0,0,0,0,17.49,0,9,10.01,50.52,112.04,0
0,0,5.18,0,0,2.01,0,0,0,6.66,0,0,0,9,0,0,0,13.17,0,0,13.3,0,0,0,0,17.49,0,9,10.01,50.52,112.04
0,0,0,5.18,0,0,2.01,0,0,0,6.66,0,0,0,9,0,0,0,13.17,0,0,13.3,0,0,0,0,17.49,0,9,10.01,50.52
28.24,0,0,0,5.18,0,0,2.01,0,0,0,6.66,0,0,0,9,0,0,0,13.17,0,0,13.3,0,0,0,0,17.49,0,9,10.01
0,28.24,0,0,0,5.18,0,0,2.01,0,0,0,6.66,0,0,0,9,0,0,0,13.17,0,0,13.3,0,0,0,0,17.49,0,9
0,0,28.24,0,0,0,5.18,0,0,2.01,0,0,0,6.66,0,0,0,9,0,0,0,13.17,0,0,13.3,0,0,0,0,17.49,0
41.73,0,0,28.24,0,0,0,5.18,0,0,2.01,0,0,0,6.66,0,0,0,9,0,0,0,13.17,0,0,13.3,0,0,0,0,17.49
11.6,41.73,0,0,28.24,0,0,0,5.18,0,0,2.01,0,0,0,6.66,0,0,0,9,0,0,0,13.17,0,0,13.3,0,0,0,0
0,11.6,41.73,0,0,28.24,0,0,0,5.18,0,0,2.01,0,0,0,6.66,0,0,0,9,0,0,0,13.17,0,0,13.3,0,0,0
0,0,11.6,41.73,0,0,28.24,0,0,0,5.18,0,0,2.01,0,0,0,6.66,0,0,0,9,0,0,0,13.17,0,0,13.3,0,0
0,0,0,11.6,41.73,0,0,28.24,0,0,0,5.18,0,0,2.01,0,0,0,6.66,0,0,0,9,0,0,0,13.17,0,0,13.3,0
15.14,0,0,0,11.6,41.73,0,0,28.24,0,0,0,5.18,0,0,2.01,0,0,0,6.66,0,0,0,9,0,0,0,13.17,0,0,13.3
0,15.14,0,0,0,11.6,41.73,0,0,28.24,0,0,0,5.18,0,0,2.01,0,0,0,6.66,0,0,0,9,0,0,0,13.17,0,0
65.61,0,15.14,0,0,0,11.6,41.73,0,0,28.24,0,0,0,5.18,0,0,2.01,0,0,0,6.66,0,0,0,9,0,0,0,13.17,0
0,65.61,0,15.14,0,0,0,11.6,41.73,0,0,28.24,0,0,0,5.18,0,0,2.01,0,0,0,6.66,0,0,0,9,0,0,0,13.17
0,0,65.61,0,15.14,0,0,0,11.6,41.73,0,0,28.24,0,0,0,5.18,0,0,2.01,0,0,0,6.66,0,0,0,9,0,0,0
0,0,0,65.61,0,15.14,0,0,0,11.6,41.73,0,0,28.24,0,0,0,5.18,0,0,2.01,0,0,0,6.66,0,0,0,9,0,0
0,0,0,0,65.61,0,15.14,0,0,0,11.6,41.73,0,0,28.24,0,0,0,5.18,0,0,2.01,0,0,0,6.66,0,0,0,9,0
0,0,0,0,0,65.61,0,15.14,0,0,0,11.6,41.73,0,0,28.24,0,0,0,5.18,0,0,2.01,0,0,0,6.66,0,0,0,9
0,0,0,0,0,0,65.61,0,15.14,0,0,0,11.6,41.73,0,0,28.24,0,0,0,5.18,0,0,2.01,0,0,0,6.66,0,0,0
0,0,0,0,0,0,0,65.61,0,15.14,0,0,0,11.6,41.73,0,0,28.24,0,0,0,5.18,0,0,2.01,0,0,0,6.66,0,0
0,0,0,0,0,0,0,0,65.61,0,15.14,0,0,0,11.6,41.73,0,0,28.24,0,0,0,5.18,0,0,2.01,0,0,0,6.66,0
0,0,0,0,0,0,0,0,0,65.61,0,15.14,0,0,0,11.6,41.73,0,0,28.24,0,0,0,5.18,0,0,2.01,0,0,0,6.66
0,0,0,0,0,0,0,0,0,0,65.61,0,15.14,0,0,0,11.6,41.73,0,0,28.24,0,0,0,5.18,0,0,2.01,0,0,0
0,0,0,0,0,0,0,0,0,0,0,65.61,0,15.14,0,0,0,11.6,41.73,0,0,28.24,0,0,0,5.18,0,0,2.01,0,0
15.22,0,0,0,0,0,0,0,0,0,0,0,65.61,0,15.14,0,0,0,11.6,41.73,0,0,28.24,0,0,0,5.18,0,0,2.01,0
20.25,15.22,0,0,0,0,0,0,0,0,0,0,0,65.61,0,15.14,0,0,0,11.6,41.73,0,0,28.24,0,0,0,5.18,0,0,2.01
0,20.25,15.22,0,0,0,0,0,0,0,0,0,0,0,65.61,0,15.14,0,0,0,11.6,41.73,0,0,28.24,0,0,0,5.18,0,0
0,0,20.25,15.22,0,0,0,0,0,0,0,0,0,0,0,65.61,0,15.14,0,0,0,11.6,41.73,0,0,28.24,0,0,0,5.18,0
0,0,0,20.25,15.22,0,0,0,0,0,0,0,0,0,0,0,65.61,0,15.14,0,0,0,11.6,41.73,0,0,28.24,0,0,0,5.18
0,0,0,0,20.25,15.22,0,0,0,0,0,0,0,0,0,0,0,65.61,0,15.14,0,0,0,11.6,41.73,0,0,28.24,0,0,0
0,0,0,0,0,20.25,15.22,0,0,0,0,0,0,0,0,0,0,0,65.61,0,15.14,0,0,0,11.6,41.73,0,0,28.24,0,0
15.42,0,0,0,0,0,20.25,15.22,0,0,0,0,0,0,0,0,0,0,0,65.61,0,15.14,0,0,0,11.6,41.73,0,0,28.24,0
68.69,15.42,0,0,0,0,0,20.25,15.22,0,0,0,0,0,0,0,0,0,0,0,65.61,0,15.14,0,0,0,11.6,41.73,0,0,28.24
195.72,68.69,15.42,0,0,0,0,0,20.25,15.22,0,0,0,0,0,0,0,0,0,0,0,65.61,0,15.14,0,0,0,11.6,41.73,0,0
22.63,195.72,68.69,15.42,0,0,0,0,0,20.25,15.22,0,0,0,0,0,0,0,0,0,0,0,65.61,0,15.14,0,0,0,11.6,41.73,0
16,22.63,195.72,68.69,15.42,0,0,0,0,0,20.25,15.22,0,0,0,0,0,0,0,0,0,0,0,65.61,0,15.14,0,0,0,11.6,41.73
13.34,16,22.63,195.72,68.69,15.42,0,0,0,0,0,20.25,15.22,0,0,0,0,0,0,0,0,0,0,0,65.61,0,15.14,0,0,0,11.6
0,13.34,16,22.63,195.72,68.69,15.42,0,0,0,0,0,20.25,15.22,0,0,0,0,0,0,0,0,0,0,0,65.61,0,15.14,0,0,0
0,0,13.34,16,22.63,195.72,68.69,15.42,0,0,0,0,0,20.25,15.22,0,0,0,0,0,0,0,0,0,0,0,65.61,0,15.14,0,0
4.25,0,0,13.34,16,22.63,195.72,68.69,15.42,0,0,0,0,0,20.25,15.22,0,0,0,0,0,0,0,0,0,0,0,65.61,0,15.14,0
0,4.25,0,0,13.34,16,22.63,195.72,68.69,15.42,0,0,0,0,0,20.25,15.22,0,0,0,0,0,0,0,0,0,0,0,65.61,0,15.14
0,0,4.25,0,0,13.34,16,22.63,195.72,68.69,15.42,0,0,0,0,0,20.25,15.22,0,0,0,0,0,0,0,0,0,0,0,65.61,0
0,0,0,4.25,0,0,13.34,16,22.63,195.72,68.69,15.42,0,0,0,0,0,20.25,15.22,0,0,0,0,0,0,0,0,0,0,0,65.61
0,0,0,0,4.25,0,0,13.34,16,22.63,195.72,68.69,15.42,0,0,0,0,0,20.25,15.22,0,0,0,0,0,0,0,0,0,0,0
0,0,0,0,0,4.25,0,0,13.34,16,22.63,195.72,68.69,15.42,0,0,0,0,0,20.25,15.22,0,0,0,0,0,0,0,0,0,0
0,0,0,0,0,0,4.25,0,0,13.34,16,22.63,195.72,68.69,15.42,0,0,0,0,0,20.25,15.22,0,0,0,0,0,0,0,0,0
9.19,0,0,0,0,0,0,4.25,0,0,13.34,16,22.63,195.72,68.69,15.42,0,0,0,0,0,20.25,15.22,0,0,0,0,0,0,0,0
30.74,9.19,0,0,0,0,0,0,4.25,0,0,13.34,16,22.63,195.72,68.69,15.42,0,0,0,0,0,20.25,15.22,0,0,0,0,0,0,0
54.26,30.74,9.19,0,0,0,0,0,0,4.25,0,0,13.34,16,22.63,195.72,68.69,15.42,0,0,0,0,0,20.25,15.22,0,0,0,0,0,0
42.6,54.26,30.74,9.19,0,0,0,0,0,0,4.25,0,0,13.34,16,22.63,195.72,68.69,15.42,0,0,0,0,0,20.25,15.22,0,0,0,0,0
0,42.6,54.26,30.74,9.19,0,0,0,0,0,0,4.25,0,0,13.34,16,22.63,195.72,68.69,15.42,0,0,0,0,0,20.25,15.22,0,0,0,0
0,0,42.6,54.26,30.74,9.19,0,0,0,0,0,0,4.25,0,0,13.34,16,22.63,195.72,68.69,15.42,0,0,0,0,0,20.25,15.22,0,0,0
0,0,0,42.6,54.26,30.74,9.19,0,0,0,0,0,0,4.25,0,0,13.34,16,22.63,195.72,68.69,15.42,0,0,0,0,0,20.25,15.22,0,0
0,0,0,0,42.6,54.26,30.74,9.19,0,0,0,0,0,0,4.25,0,0,13.34,16,22.63,195.72,68.69,15.42,0,0,0,0,0,20.25,15.22,0
0,0,0,0,0,42.6,54.26,30.74,9.19,0,0,0,0,0,0,4.25,0,0,13.34,16,22.63,195.72,68.69,15.42,0,0,0,0,0,20.25,15.22
0,0,0,0,0,0,42.6,54.26,30.74,9.19,0,0,0,0,0,0,4.25,0,0,13.34,16,22.63,195.72,68.69,15.42,0,0,0,0,0,20.25
0,0,0,0,0,0,0,42.6,54.26,30.74,9.19,0,0,0,0,0,0,4.25,0,0,13.34,16,22.63,195.72,68.69,15.42,0,0,0,0,0
0,0,0,0,0,0,0,0,42.6,54.26,30.74,9.19,0,0,0,0,0,0,4.25,0,0,13.34,16,22.63,195.72,68.69,15.42,0,0,0,0
0,0,0,0,0,0,0,0,0,42.6,54.26,30.74,9.19,0,0,0,0,0,0,4.25,0,0,13.34,16,22.63,195.72,68.69,15.42,0,0,0
0,0,0,0,0,0,0,0,0,0,42.6,54.26,30.74,9.19,0,0,0,0,0,0,4.25,0,0,13.34,16,22.63,195.72,68.69,15.42,0,0
0,0,0,0,0,0,0,0,0,0,0,42.6,54.26,30.74,9.19,0,0,0,0,0,0,4.25,0,0,13.34,16,22.63,195.72,68.69,15.42,0
14.98,0,0,0,0,0,0,0,0,0,0,0,42.6,54.26,30.74,9.19,0,0,0,0,0,0,4.25,0,0,13.34,16,22.63,195.72,68.69,15.42
0,14.98,0,0,0,0,0,0,0,0,0,0,0,42.6,54.26,30.74,9.19,0,0,0,0,0,0,4.25,0,0,13.34,16,22.63,195.72,68.69
0,0,14.98,0,0,0,0,0,0,0,0,0,0,0,42.6,54.26,30.74,9.19,0,0,0,0,0,0,4.25,0,0,13.34,16,22.63,195.72
0,0,0,14.98,0,0,0,0,0,0,0,0,0,0,0,42.6,54.26,30.74,9.19,0,0,0,0,0,0,4.25,0,0,13.34,16,22.63
0,0,0,0,14.98,0,0,0,0,0,0,0,0,0,0,0,42.6,54.26,30.74,9.19,0,0,0,0,0,0,4.25,0,0,13.34,16
0,0,0,0,0,14.98,0,0,0,0,0,0,0,0,0,0,0,42.6,54.26,30.74,9.19,0,0,0,0,0,0,4.25,0,0,13.34
0,0,0,0,0,0,14.98,0,0,0,0,0,0,0,0,0,0,0,42.6,54.26,30.74,9.19,0,0,0,0,0,0,4.25,0,0
12.52,0,0,0,0,0,0,14.98,0,0,0,0,0,0,0,0,0,0,0,42.6,54.26,30.74,9.19,0,0,0,0,0,0,4.25,0
0,12.52,0,0,0,0,0,0,14.98,0,0,0,0,0,0,0,0,0,0,0,42.6,54.26,30.74,9.19,0,0,0,0,0,0,4.25
0,0,12.52,0,0,0,0,0,0,14.98,0,0,0,0,0,0,0,0,0,0,0,42.6,54.26,30.74,9.19,0,0,0,0,0,0
0,0,0,12.52,0,0,0,0,0,0,14.98,0,0,0,0,0,0,0,0,0,0,0,42.6,54.26,30.74,9.19,0,0,0,0,0
0,0,0,0,12.52,0,0,0,0,0,0,14.98,0,0,0,0,0,0,0,0,0,0,0,42.6,54.26,30.74,9.19,0,0,0,0
0,0,0,0,0,12.52,0,0,0,0,0,0,14.98,0,0,0,0,0,0,0,0,0,0,0,42.6,54.26,30.74,9.19,0,0,0
0,0,0,0,0,0,12.52,0,0,0,0,0,0,14.98,0,0,0,0,0,0,0,0,0,0,0,42.6,54.26,30.74,9.19,0,0
12.5,0,0,0,0,0,0,12.52,0,0,0,0,0,0,14.98,0,0,0,0,0,0,0,0,0,0,0,42.6,54.26,30.74,9.19,0
0,12.5,0,0,0,0,0,0,12.52,0,0,0,0,0,0,14.98,0,0,0,0,0,0,0,0,0,0,0,42.6,54.26,30.74,9.19
0,0,12.5,0,0,0,0,0,0,12.52,0,0,0,0,0,0,14.98,0,0,0,0,0,0,0,0,0,0,0,42.6,54.26,30.74
0,0,0,12.5,0,0,0,0,0,0,12.52,0,0,0,0,0,0,14.98,0,0,0,0,0,0,0,0,0,0,0,42.6,54.26
11.64,0,0,0,12.5,0,0,0,0,0,0,12.52,0,0,0,0,0,0,14.98,0,0,0,0,0,0,0,0,0,0,0,42.6
10.26,11.64,0,0,0,12.5,0,0,0,0,0,0,12.52,0,0,0,0,0,0,14.98,0,0,0,0,0,0,0,0,0,0,0
0,10.26,11.64,0,0,0,12.5,0,0,0,0,0,0,12.52,0,0,0,0,0,0,14.98,0,0,0,0,0,0,0,0,0,0
15.48,0,10.26,11.64,0,0,0,12.5,0,0,0,0,0,0,12.52,0,0,0,0,0,0,14.98,0,0,0,0,0,0,0,0,0
28.18,15.48,0,10.26,11.64,0,0,0,12.5,0,0,0,0,0,0,12.52,0,0,0,0,0,0,14.98,0,0,0,0,0,0,0,0
0,28.18,15.48,0,10.26,11.64,0,0,0,12.5,0,0,0,0,0,0,12.52,0,0,0,0,0,0,14.98,0,0,0,0,0,0,0
0,0,28.18,15.48,0,10.26,11.64,0,0,0,12.5,0,0,0,0,0,0,12.52,0,0,0,0,0,0,14.98,0,0,0,0,0,0
0,0,0,28.18,15.48,0,10.26,11.64,0,0,0,12.5,0,0,0,0,0,0,12.52,0,0,0,0,0,0,14.98,0,0,0,0,0
0,0,0,0,28.18,15.48,0,10.26,11.64,0,0,0,12.5,0,0,0,0,0,0,12.52,0,0,0,0,0,0,14.98,0,0,0,0
0,0,0,0,0,28.18,15.48,0,10.26,11.64,0,0,0,12.5,0,0,0,0,0,0,12.52,0,0,0,0,0,0,14.98,0,0,0
0,0,0,0,0,0,28.18,15.48,0,10.26,11.64,0,0,0,12.5,0,0,0,0,0,0,12.52,0,0,0,0,0,0,14.98,0,0
0,0,0,0,0,0,0,28.18,15.48,0,10.26,11.64,0,0,0,12.5,0,0,0,0,0,0,12.52,0,0,0,0,0,0,14.98,0
0,0,0,0,0,0,0,0,28.18,15.48,0,10.26,11.64,0,0,0,12.5,0,0,0,0,0,0,12.52,0,0,0,0,0,0,14.98
0,0,0,0,0,0,0,0,0,28.18,15.48,0,10.26,11.64,0,0,0,12.5,0,0,0,0,0,0,12.52,0,0,0,0,0,0
0,0,0,0,0,0,0,0,0,0,28.18,15.48,0,10.26,11.64,0,0,0,12.5,0,0,0,0,0,0,12.52,0,0,0,0,0
0,0,0,0,0,0,0,0,0,0,0,28.18,15.48,0,10.26,11.64,0,0,0,12.5,0,0,0,0,0,0,12.52,0,0,0,0
0,0,0,0,0,0,0,0,0,0,0,0,28.18,15.48,0,10.26,11.64,0,0,0,12.5,0,0,0,0,0,0,12.52,0,0,0
0,0,0,0,0,0,0,0,0,0,0,0,0,28.18,15.48,0,10.26,11.64,0,0,0,12.5,0,0,0,0,0,0,12.52,0,0
0,0,0,0,0,0,0,0,0,0,0,0,0,0,28.18,15.48,0,10.26,11.64,0,0,0,12.5,0,0,0,0,0,0,12.52,0
0,0,0,0,0,0,0,0,0,0,0,0,0,0,0,28.18,15.48,0,10.26,11.64,0,0,0,12.5,0,0,0,0,0,0,12.52
0,0,0,0,0,0,0,0,0,0,0,0,0,0,0,0,28.18,15.48,0,10.26,11.64,0,0,0,12.5,0,0,0,0,0,0
0,0,0,0,0,0,0,0,0,0,0,0,0,0,0,0,0,28.18,15.48,0,10.26,11.64,0,0,0,12.5,0,0,0,0,0
0,0,0,0,0,0,0,0,0,0,0,0,0,0,0,0,0,0,28.18,15.48,0,10.26,11.64,0,0,0,12.5,0,0,0,0
0,0,0,0,0,0,0,0,0,0,0,0,0,0,0,0,0,0,0,28.18,15.48,0,10.26,11.64,0,0,0,12.5,0,0,0
0,0,0,0,0,0,0,0,0,0,0,0,0,0,0,0,0,0,0,0,28.18,15.48,0,10.26,11.64,0,0,0,12.5,0,0
0,0,0,0,0,0,0,0,0,0,0,0,0,0,0,0,0,0,0,0,0,28.18,15.48,0,10.26,11.64,0,0,0,12.5,0
0,0,0,0,0,0,0,0,0,0,0,0,0,0,0,0,0,0,0,0,0,0,28.18,15.48,0,10.26,11.64,0,0,0,12.5
0,0,0,0,0,0,0,0,0,0,0,0,0,0,0,0,0,0,0,0,0,0,0,28.18,15.48,0,10.26,11.64,0,0,0
0,0,0,0,0,0,0,0,0,0,0,0,0,0,0,0,0,0,0,0,0,0,0,0,28.18,15.48,0,10.26,11.64,0,0
0,0,0,0,0,0,0,0,0,0,0,0,0,0,0,0,0,0,0,0,0,0,0,0,0,28.18,15.48,0,10.26,11.64,0
0,0,0,0,0,0,0,0,0,0,0,0,0,0,0,0,0,0,0,0,0,0,0,0,0,0,28.18,15.48,0,10.26,11.64
0,0,0,0,0,0,0,0,0,0,0,0,0,0,0,0,0,0,0,0,0,0,0,0,0,0,0,28.18,15.48,0,10.26
0,0,0,0,0,0,0,0,0,0,0,0,0,0,0,0,0,0,0,0,0,0,0,0,0,0,0,0,28.18,15.48,0
0,0,0,0,0,0,0,0,0,0,0,0,0,0,0,0,0,0,0,0,0,0,0,0,0,0,0,0,0,28.18,15.48
0,0,0,0,0,0,0,0,0,0,0,0,0,0,0,0,0,0,0,0,0,0,0,0,0,0,0,0,0,0,28.18
0,0,0,0,0,0,0,0,0,0,0,0,0,0,0,0,0,0,0,0,0,0,0,0,0,0,0,0,0,0,0
0,0,0,0,0,0,0,0,0,0,0,0,0,0,0,0,0,0,0,0,0,0,0,0,0,0,0,0,0,0,0
0,0,0,0,0,0,0,0,0,0,0,0,0,0,0,0,0,0,0,0,0,0,0,0,0,0,0,0,0,0,0
0,0,0,0,0,0,0,0,0,0,0,0,0,0,0,0,0,0,0,0,0,0,0,0,0,0,0,0,0,0,0
0,0,0,0,0,0,0,0,0,0,0,0,0,0,0,0,0,0,0,0,0,0,0,0,0,0,0,0,0,0,0
0,0,0,0,0,0,0,0,0,0,0,0,0,0,0,0,0,0,0,0,0,0,0,0,0,0,0,0,0,0,0
0,0,0,0,0,0,0,0,0,0,0,0,0,0,0,0,0,0,0,0,0,0,0,0,0,0,0,0,0,0,0
0,0,0,0,0,0,0,0,0,0,0,0,0,0,0,0,0,0,0,0,0,0,0,0,0,0,0,0,0,0,0
0,0,0,0,0,0,0,0,0,0,0,0,0,0,0,0,0,0,0,0,0,0,0,0,0,0,0,0,0,0,0
0,0,0,0,0,0,0,0,0,0,0,0,0,0,0,0,0,0,0,0,0,0,0,0,0,0,0,0,0,0,0
0,0,0,0,0,0,0,0,0,0,0,0,0,0,0,0,0,0,0,0,0,0,0,0,0,0,0,0,0,0,0
0,0,0,0,0,0,0,0,0,0,0,0,0,0,0,0,0,0,0,0,0,0,0,0,0,0,0,0,0,0,0
9.07,0,0,0,0,0,0,0,0,0,0,0,0,0,0,0,0,0,0,0,0,0,0,0,0,0,0,0,0,0,0
0,9.07,0,0,0,0,0,0,0,0,0,0,0,0,0,0,0,0,0,0,0,0,0,0,0,0,0,0,0,0,0
0,0,9.07,0,0,0,0,0,0,0,0,0,0,0,0,0,0,0,0,0,0,0,0,0,0,0,0,0,0,0,0
0,0,0,9.07,0,0,0,0,0,0,0,0,0,0,0,0,0,0,0,0,0,0,0,0,0,0,0,0,0,0,0
0,0,0,0,9.07,0,0,0,0,0,0,0,0,0,0,0,0,0,0,0,0,0,0,0,0,0,0,0,0,0,0
118.24,0,0,0,0,9.07,0,0,0,0,0,0,0,0,0,0,0,0,0,0,0,0,0,0,0,0,0,0,0,0,0
90.75,118.24,0,0,0,0,9.07,0,0,0,0,0,0,0,0,0,0,0,0,0,0,0,0,0,0,0,0,0,0,0,0
26.25,90.75,118.24,0,0,0,0,9.07,0,0,0,0,0,0,0,0,0,0,0,0,0,0,0,0,0,0,0,0,0,0,0
0,26.25,90.75,118.24,0,0,0,0,9.07,0,0,0,0,0,0,0,0,0,0,0,0,0,0,0,0,0,0,0,0,0,0
0,0,26.25,90.75,118.24,0,0,0,0,9.07,0,0,0,0,0,0,0,0,0,0,0,0,0,0,0,0,0,0,0,0,0
0,0,0,26.25,90.75,118.24,0,0,0,0,9.07,0,0,0,0,0,0,0,0,0,0,0,0,0,0,0,0,0,0,0,0
12.93,0,0,0,26.25,90.75,118.24,0,0,0,0,9.07,0,0,0,0,0,0,0,0,0,0,0,0,0,0,0,0,0,0,0
0,12.93,0,0,0,26.25,90.75,118.24,0,0,0,0,9.07,0,0,0,0,0,0,0,0,0,0,0,0,0,0,0,0,0,0
0,0,12.93,0,0,0,26.25,90.75,118.24,0,0,0,0,9.07,0,0,0,0,0,0,0,0,0,0,0,0,0,0,0,0,0
0,0,0,12.93,0,0,0,26.25,90.75,118.24,0,0,0,0,9.07,0,0,0,0,0,0,0,0,0,0,0,0,0,0,0,0
0,0,0,0,12.93,0,0,0,26.25,90.75,118.24,0,0,0,0,9.07,0,0,0,0,0,0,0,0,0,0,0,0,0,0,0
0,0,0,0,0,12.93,0,0,0,26.25,90.75,118.24,0,0,0,0,9.07,0,0,0,0,0,0,0,0,0,0,0,0,0,0
0,0,0,0,0,0,12.93,0,0,0,26.25,90.75,118.24,0,0,0,0,9.07,0,0,0,0,0,0,0,0,0,0,0,0,0
0,0,0,0,0,0,0,12.93,0,0,0,26.25,90.75,118.24,0,0,0,0,9.07,0,0,0,0,0,0,0,0,0,0,0,0
0,0,0,0,0,0,0,0,12.93,0,0,0,26.25,90.75,118.24,0,0,0,0,9.07,0,0,0,0,0,0,0,0,0,0,0
5.42,0,0,0,0,0,0,0,0,12.93,0,0,0,26.25,90.75,118.24,0,0,0,0,9.07,0,0,0,0,0,0,0,0,0,0
0,5.42,0,0,0,0,0,0,0,0,12.93,0,0,0,26.25,90.75,118.24,0,0,0,0,9.07,0,0,0,0,0,0,0,0,0
0,0,5.42,0,0,0,0,0,0,0,0,12.93,0,0,0,26.25,90.75,118.24,0,0,0,0,9.07,0,0,0,0,0,0,0,0
0,0,0,5.42,0,0,0,0,0,0,0,0,12.93,0,0,0,26.25,90.75,118.24,0,0,0,0,9.07,0,0,0,0,0,0,0
0,0,0,0,5.42,0,0,0,0,0,0,0,0,12.93,0,0,0,26.25,90.75,118.24,0,0,0,0,9.07,0,0,0,0,0,0
0,0,0,0,0,5.42,0,0,0,0,0,0,0,0,12.93,0,0,0,26.25,90.75,118.24,0,0,0,0,9.07,0,0,0,0,0
0,0,0,0,0,0,5.42,0,0,0,0,0,0,0,0,12.93,0,0,0,26.25,90.75,118.24,0,0,0,0,9.07,0,0,0,0
0,0,0,0,0,0,0,5.42,0,0,0,0,0,0,0,0,12.93,0,0,0,26.25,90.75,118.24,0,0,0,0,9.07,0,0,0
0,0,0,0,0,0,0,0,5.42,0,0,0,0,0,0,0,0,12.93,0,0,0,26.25,90.75,118.24,0,0,0,0,9.07,0,0
0,0,0,0,0,0,0,0,0,5.42,0,0,0,0,0,0,0,0,12.93,0,0,0,26.25,90.75,118.24,0,0,0,0,9.07,0
0,0,0,0,0,0,0,0,0,0,5.42,0,0,0,0,0,0,0,0,12.93,0,0,0,26.25,90.75,118.24,0,0,0,0,9.07
0,0,0,0,0,0,0,0,0,0,0,5.42,0,0,0,0,0,0,0,0,12.93,0,0,0,26.25,90.75,118.24,0,0,0,0
0,0,0,0,0,0,0,0,0,0,0,0,5.42,0,0,0,0,0,0,0,0,12.93,0,0,0,26.25,90.75,118.24,0,0,0
0,0,0,0,0,0,0,0,0,0,0,0,0,5.42,0,0,0,0,0,0,0,0,12.93,0,0,0,26.25,90.75,118.24,0,0
0,0,0,0,0,0,0,0,0,0,0,0,0,0,5.42,0,0,0,0,0,0,0,0,12.93,0,0,0,26.25,90.75,118.24,0
0,0,0,0,0,0,0,0,0,0,0,0,0,0,0,5.42,0,0,0,0,0,0,0,0,12.93,0,0,0,26.25,90.75,118.24
0,0,0,0,0,0,0,0,0,0,0,0,0,0,0,0,5.42,0,0,0,0,0,0,0,0,12.93,0,0,0,26.25,90.75
0,0,0,0,0,0,0,0,0,0,0,0,0,0,0,0,0,5.42,0,0,0,0,0,0,0,0,12.93,0,0,0,26.25
0,0,0,0,0,0,0,0,0,0,0,0,0,0,0,0,0,0,5.42,0,0,0,0,0,0,0,0,12.93,0,0,0
0,0,0,0,0,0,0,0,0,0,0,0,0,0,0,0,0,0,0,5.42,0,0,0,0,0,0,0,0,12.93,0,0
0,0,0,0,0,0,0,0,0,0,0,0,0,0,0,0,0,0,0,0,5.42,0,0,0,0,0,0,0,0,12.93,0
0,0,0,0,0,0,0,0,0,0,0,0,0,0,0,0,0,0,0,0,0,5.42,0,0,0,0,0,0,0,0,12.93
0,0,0,0,0,0,0,0,0,0,0,0,0,0,0,0,0,0,0,0,0,0,5.42,0,0,0,0,0,0,0,0
0,0,0,0,0,0,0,0,0,0,0,0,0,0,0,0,0,0,0,0,0,0,0,5.42,0,0,0,0,0,0,0
0,0,0,0,0,0,0,0,0,0,0,0,0,0,0,0,0,0,0,0,0,0,0,0,5.42,0,0,0,0,0,0
0,0,0,0,0,0,0,0,0,0,0,0,0,0,0,0,0,0,0,0,0,0,0,0,0,5.42,0,0,0,0,0
44.27,0,0,0,0,0,0,0,0,0,0,0,0,0,0,0,0,0,0,0,0,0,0,0,0,0,5.42,0,0,0,0
113.94,44.27,0,0,0,0,0,0,0,0,0,0,0,0,0,0,0,0,0,0,0,0,0,0,0,0,0,5.42,0,0,0
177.47,113.94,44.27,0,0,0,0,0,0,0,0,0,0,0,0,0,0,0,0,0,0,0,0,0,0,0,0,0,5.42,0,0
0,177.47,113.94,44.27,0,0,0,0,0,0,0,0,0,0,0,0,0,0,0,0,0,0,0,0,0,0,0,0,0,5.42,0
0,0,177.47,113.94,44.27,0,0,0,0,0,0,0,0,0,0,0,0,0,0,0,0,0,0,0,0,0,0,0,0,0,5.42
0,0,0,177.47,113.94,44.27,0,0,0,0,0,0,0,0,0,0,0,0,0,0,0,0,0,0,0,0,0,0,0,0,0
0,0,0,0,177.47,113.94,44.27,0,0,0,0,0,0,0,0,0,0,0,0,0,0,0,0,0,0,0,0,0,0,0,0
0,0,0,0,0,177.47,113.94,44.27,0,0,0,0,0,0,0,0,0,0,0,0,0,0,0,0,0,0,0,0,0,0,0
0,0,0,0,0,0,177.47,113.94,44.27,0,0,0,0,0,0,0,0,0,0,0,0,0,0,0,0,0,0,0,0,0,0
0,0,0,0,0,0,0,177.47,113.94,44.27,0,0,0,0,0,0,0,0,0,0,0,0,0,0,0,0,0,0,0,0,0
0,0,0,0,0,0,0,0,177.47,113.94,44.27,0,0,0,0,0,0,0,0,0,0,0,0,0,0,0,0,0,0,0,0
0,0,0,0,0,0,0,0,0,177.47,113.94,44.27,0,0,0,0,0,0,0,0,0,0,0,0,0,0,0,0,0,0,0
0,0,0,0,0,0,0,0,0,0,177.47,113.94,44.27,0,0,0,0,0,0,0,0,0,0,0,0,0,0,0,0,0,0
0,0,0,0,0,0,0,0,0,0,0,177.47,113.94,44.27,0,0,0,0,0,0,0,0,0,0,0,0,0,0,0,0,0
0,0,0,0,0,0,0,0,0,0,0,0,177.47,113.94,44.27,0,0,0,0,0,0,0,0,0,0,0,0,0,0,0,0
0,0,0,0,0,0,0,0,0,0,0,0,0,177.47,113.94,44.27,0,0,0,0,0,0,0,0,0,0,0,0,0,0,0
0,0,0,0,0,0,0,0,0,0,0,0,0,0,177.47,113.94,44.27,0,0,0,0,0,0,0,0,0,0,0,0,0,0
0,0,0,0,0,0,0,0,0,0,0,0,0,0,0,177.47,113.94,44.27,0,0,0,0,0,0,0,0,0,0,0,0,0
0,0,0,0,0,0,0,0,0,0,0,0,0,0,0,0,177.47,113.94,44.27,0,0,0,0,0,0,0,0,0,0,0,0
0,0,0,0,0,0,0,0,0,0,0,0,0,0,0,0,0,177.47,113.94,44.27,0,0,0,0,0,0,0,0,0,0,0
0,0,0,0,0,0,0,0,0,0,0,0,0,0,0,0,0,0,177.47,113.94,44.27,0,0,0,0,0,0,0,0,0,0
0,0,0,0,0,0,0,0,0,0,0,0,0,0,0,0,0,0,0,177.47,113.94,44.27,0,0,0,0,0,0,0,0,0
0,0,0,0,0,0,0,0,0,0,0,0,0,0,0,0,0,0,0,0,177.47,113.94,44.27,0,0,0,0,0,0,0,0
0,0,0,0,0,0,0,0,0,0,0,0,0,0,0,0,0,0,0,0,0,177.47,113.94,44.27,0,0,0,0,0,0,0
0,0,0,0,0,0,0,0,0,0,0,0,0,0,0,0,0,0,0,0,0,0,177.47,113.94,44.27,0,0,0,0,0,0
0,0,0,0,0,0,0,0,0,0,0,0,0,0,0,0,0,0,0,0,0,0,0,177.47,113.94,44.27,0,0,0,0,0
0,0,0,0,0,0,0,0,0,0,0,0,0,0,0,0,0,0,0,0,0,0,0,0,177.47,113.94,44.27,0,0,0,0
0,0,0,0,0,0,0,0,0,0,0,0,0,0,0,0,0,0,0,0,0,0,0,0,0,177.47,113.94,44.27,0,0,0
0,0,0,0,0,0,0,0,0,0,0,0,0,0,0,0,0,0,0,0,0,0,0,0,0,0,177.47,113.94,44.27,0,0
0,0,0,0,0,0,0,0,0,0,0,0,0,0,0,0,0,0,0,0,0,0,0,0,0,0,0,177.47,113.94,44.27,0
6.19,0,0,0,0,0,0,0,0,0,0,0,0,0,0,0,0,0,0,0,0,0,0,0,0,0,0,0,177.47,113.94,44.27
0,6.19,0,0,0,0,0,0,0,0,0,0,0,0,0,0,0,0,0,0,0,0,0,0,0,0,0,0,0,177.47,113.94
0,0,6.19,0,0,0,0,0,0,0,0,0,0,0,0,0,0,0,0,0,0,0,0,0,0,0,0,0,0,0,177.47
0,0,0,6.19,0,0,0,0,0,0,0,0,0,0,0,0,0,0,0,0,0,0,0,0,0,0,0,0,0,0,0
0,0,0,0,6.19,0,0,0,0,0,0,0,0,0,0,0,0,0,0,0,0,0,0,0,0,0,0,0,0,0,0
20.92,0,0,0,0,6.19,0,0,0,0,0,0,0,0,0,0,0,0,0,0,0,0,0,0,0,0,0,0,0,0,0
0,20.92,0,0,0,0,6.19,0,0,0,0,0,0,0,0,0,0,0,0,0,0,0,0,0,0,0,0,0,0,0,0
0,0,20.92,0,0,0,0,6.19,0,0,0,0,0,0,0,0,0,0,0,0,0,0,0,0,0,0,0,0,0,0,0
0,0,0,20.92,0,0,0,0,6.19,0,0,0,0,0,0,0,0,0,0,0,0,0,0,0,0,0,0,0,0,0,0
0,0,0,0,20.92,0,0,0,0,6.19,0,0,0,0,0,0,0,0,0,0,0,0,0,0,0,0,0,0,0,0,0
0,0,0,0,0,20.92,0,0,0,0,6.19,0,0,0,0,0,0,0,0,0,0,0,0,0,0,0,0,0,0,0,0
0,0,0,0,0,0,20.92,0,0,0,0,6.19,0,0,0,0,0,0,0,0,0,0,0,0,0,0,0,0,0,0,0
42.17,0,0,0,0,0,0,20.92,0,0,0,0,6.19,0,0,0,0,0,0,0,0,0,0,0,0,0,0,0,0,0,0
63.28,42.17,0,0,0,0,0,0,20.92,0,0,0,0,6.19,0,0,0,0,0,0,0,0,0,0,0,0,0,0,0,0,0
0,63.28,42.17,0,0,0,0,0,0,20.92,0,0,0,0,6.19,0,0,0,0,0,0,0,0,0,0,0,0,0,0,0,0
5.39,0,63.28,42.17,0,0,0,0,0,0,20.92,0,0,0,0,6.19,0,0,0,0,0,0,0,0,0,0,0,0,0,0,0
68.86,5.39,0,63.28,42.17,0,0,0,0,0,0,20.92,0,0,0,0,6.19,0,0,0,0,0,0,0,0,0,0,0,0,0,0
9.67,68.86,5.39,0,63.28,42.17,0,0,0,0,0,0,20.92,0,0,0,0,6.19,0,0,0,0,0,0,0,0,0,0,0,0,0
0,9.67,68.86,5.39,0,63.28,42.17,0,0,0,0,0,0,20.92,0,0,0,0,6.19,0,0,0,0,0,0,0,0,0,0,0,0
17.47,0,9.67,68.86,5.39,0,63.28,42.17,0,0,0,0,0,0,20.92,0,0,0,0,6.19,0,0,0,0,0,0,0,0,0,0,0
0,17.47,0,9.67,68.86,5.39,0,63.28,42.17,0,0,0,0,0,0,20.92,0,0,0,0,6.19,0,0,0,0,0,0,0,0,0,0
62.92,0,17.47,0,9.67,68.86,5.39,0,63.28,42.17,0,0,0,0,0,0,20.92,0,0,0,0,6.19,0,0,0,0,0,0,0,0,0
0,62.92,0,17.47,0,9.67,68.86,5.39,0,63.28,42.17,0,0,0,0,0,0,20.92,0,0,0,0,6.19,0,0,0,0,0,0,0,0
0,0,62.92,0,17.47,0,9.67,68.86,5.39,0,63.28,42.17,0,0,0,0,0,0,20.92,0,0,0,0,6.19,0,0,0,0,0,0,0
0,0,0,62.92,0,17.47,0,9.67,68.86,5.39,0,63.28,42.17,0,0,0,0,0,0,20.92,0,0,0,0,6.19,0,0,0,0,0,0
0,0,0,0,62.92,0,17.47,0,9.67,68.86,5.39,0,63.28,42.17,0,0,0,0,0,0,20.92,0,0,0,0,6.19,0,0,0,0,0
70.75,0,0,0,0,62.92,0,17.47,0,9.67,68.86,5.39,0,63.28,42.17,0,0,0,0,0,0,20.92,0,0,0,0,6.19,0,0,0,0
160.83,70.75,0,0,0,0,62.92,0,17.47,0,9.67,68.86,5.39,0,63.28,42.17,0,0,0,0,0,0,20.92,0,0,0,0,6.19,0,0,0
0,160.83,70.75,0,0,0,0,62.92,0,17.47,0,9.67,68.86,5.39,0,63.28,42.17,0,0,0,0,0,0,20.92,0,0,0,0,6.19,0,0
0,0,160.83,70.75,0,0,0,0,62.92,0,17.47,0,9.67,68.86,5.39,0,63.28,42.17,0,0,0,0,0,0,20.92,0,0,0,0,6.19,0
0,0,0,160.83,70.75,0,0,0,0,62.92,0,17.47,0,9.67,68.86,5.39,0,63.28,42.17,0,0,0,0,0,0,20.92,0,0,0,0,6.19
0,0,0,0,160.83,70.75,0,0,0,0,62.92,0,17.47,0,9.67,68.86,5.39,0,63.28,42.17,0,0,0,0,0,0,20.92,0,0,0,0
0,0,0,0,0,160.83,70.75,0,0,0,0,62.92,0,17.47,0,9.67,68.86,5.39,0,63.28,42.17,0,0,0,0,0,0,20.92,0,0,0
22.6,0,0,0,0,0,160.83,70.75,0,0,0,0,62.92,0,17.47,0,9.67,68.86,5.39,0,63.28,42.17,0,0,0,0,0,0,20.92,0,0
27.45,22.6,0,0,0,0,0,160.83,70.75,0,0,0,0,62.92,0,17.47,0,9.67,68.86,5.39,0,63.28,42.17,0,0,0,0,0,0,20.92,0
36.17,27.45,22.6,0,0,0,0,0,160.83,70.75,0,0,0,0,62.92,0,17.47,0,9.67,68.86,5.39,0,63.28,42.17,0,0,0,0,0,0,20.92
0,36.17,27.45,22.6,0,0,0,0,0,160.83,70.75,0,0,0,0,62.92,0,17.47,0,9.67,68.86,5.39,0,63.28,42.17,0,0,0,0,0,0
2.67,0,36.17,27.45,22.6,0,0,0,0,0,160.83,70.75,0,0,0,0,62.92,0,17.47,0,9.67,68.86,5.39,0,63.28,42.17,0,0,0,0,0
0,2.67,0,36.17,27.45,22.6,0,0,0,0,0,160.83,70.75,0,0,0,0,62.92,0,17.47,0,9.67,68.86,5.39,0,63.28,42.17,0,0,0,0
0,0,2.67,0,36.17,27.45,22.6,0,0,0,0,0,160.83,70.75,0,0,0,0,62.92,0,17.47,0,9.67,68.86,5.39,0,63.28,42.17,0,0,0
40.02,0,0,2.67,0,36.17,27.45,22.6,0,0,0,0,0,160.83,70.75,0,0,0,0,62.92,0,17.47,0,9.67,68.86,5.39,0,63.28,42.17,0,0
146.02,40.02,0,0,2.67,0,36.17,27.45,22.6,0,0,0,0,0,160.83,70.75,0,0,0,0,62.92,0,17.47,0,9.67,68.86,5.39,0,63.28,42.17,0
0,146.02,40.02,0,0,2.67,0,36.17,27.45,22.6,0,0,0,0,0,160.83,70.75,0,0,0,0,62.92,0,17.47,0,9.67,68.86,5.39,0,63.28,42.17
10.66,0,146.02,40.02,0,0,2.67,0,36.17,27.45,22.6,0,0,0,0,0,160.83,70.75,0,0,0,0,62.92,0,17.47,0,9.67,68.86,5.39,0,63.28
0,10.66,0,146.02,40.02,0,0,2.67,0,36.17,27.45,22.6,0,0,0,0,0,160.83,70.75,0,0,0,0,62.92,0,17.47,0,9.67,68.86,5.39,0
0,0,10.66,0,146.02,40.02,0,0,2.67,0,36.17,27.45,22.6,0,0,0,0,0,160.83,70.75,0,0,0,0,62.92,0,17.47,0,9.67,68.86,5.39
0,0,0,10.66,0,146.02,40.02,0,0,2.67,0,36.17,27.45,22.6,0,0,0,0,0,160.83,70.75,0,0,0,0,62.92,0,17.47,0,9.67,68.86
10.01,0,0,0,10.66,0,146.02,40.02,0,0,2.67,0,36.17,27.45,22.6,0,0,0,0,0,160.83,70.75,0,0,0,0,62.92,0,17.47,0,9.67
0,10.01,0,0,0,10.66,0,146.02,40.02,0,0,2.67,0,36.17,27.45,22.6,0,0,0,0,0,160.83,70.75,0,0,0,0,62.92,0,17.47,0
10.8,0,10.01,0,0,0,10.66,0,146.02,40.02,0,0,2.67,0,36.17,27.45,22.6,0,0,0,0,0,160.83,70.75,0,0,0,0,62.92,0,17.47
0,10.8,0,10.01,0,0,0,10.66,0,146.02,40.02,0,0,2.67,0,36.17,27.45,22.6,0,0,0,0,0,160.83,70.75,0,0,0,0,62.92,0
5,0,10.8,0,10.01,0,0,0,10.66,0,146.02,40.02,0,0,2.67,0,36.17,27.45,22.6,0,0,0,0,0,160.83,70.75,0,0,0,0,62.92
0,5,0,10.8,0,10.01,0,0,0,10.66,0,146.02,40.02,0,0,2.67,0,36.17,27.45,22.6,0,0,0,0,0,160.83,70.75,0,0,0,0
0,0,5,0,10.8,0,10.01,0,0,0,10.66,0,146.02,40.02,0,0,2.67,0,36.17,27.45,22.6,0,0,0,0,0,160.83,70.75,0,0,0
0,0,0,5,0,10.8,0,10.01,0,0,0,10.66,0,146.02,40.02,0,0,2.67,0,36.17,27.45,22.6,0,0,0,0,0,160.83,70.75,0,0
0,0,0,0,5,0,10.8,0,10.01,0,0,0,10.66,0,146.02,40.02,0,0,2.67,0,36.17,27.45,22.6,0,0,0,0,0,160.83,70.75,0
0,0,0,0,0,5,0,10.8,0,10.01,0,0,0,10.66,0,146.02,40.02,0,0,2.67,0,36.17,27.45,22.6,0,0,0,0,0,160.83,70.75
0,0,0,0,0,0,5,0,10.8,0,10.01,0,0,0,10.66,0,146.02,40.02,0,0,2.67,0,36.17,27.45,22.6,0,0,0,0,0,160.83
0,0,0,0,0,0,0,5,0,10.8,0,10.01,0,0,0,10.66,0,146.02,40.02,0,0,2.67,0,36.17,27.45,22.6,0,0,0,0,0
0,0,0,0,0,0,0,0,5,0,10.8,0,10.01,0,0,0,10.66,0,146.02,40.02,0,0,2.67,0,36.17,27.45,22.6,0,0,0,0
0,0,0,0,0,0,0,0,0,5,0,10.8,0,10.01,0,0,0,10.66,0,146.02,40.02,0,0,2.67,0,36.17,27.45,22.6,0,0,0
0,0,0,0,0,0,0,0,0,0,5,0,10.8,0,10.01,0,0,0,10.66,0,146.02,40.02,0,0,2.67,0,36.17,27.45,22.6,0,0
0,0,0,0,0,0,0,0,0,0,0,5,0,10.8,0,10.01,0,0,0,10.66,0,146.02,40.02,0,0,2.67,0,36.17,27.45,22.6,0
0,0,0,0,0,0,0,0,0,0,0,0,5,0,10.8,0,10.01,0,0,0,10.66,0,146.02,40.02,0,0,2.67,0,36.17,27.45,22.6
0,0,0,0,0,0,0,0,0,0,0,0,0,5,0,10.8,0,10.01,0,0,0,10.66,0,146.02,40.02,0,0,2.67,0,36.17,27.45
0,0,0,0,0,0,0,0,0,0,0,0,0,0,5,0,10.8,0,10.01,0,0,0,10.66,0,146.02,40.02,0,0,2.67,0,36.17
0,0,0,0,0,0,0,0,0,0,0,0,0,0,0,5,0,10.8,0,10.01,0,0,0,10.66,0,146.02,40.02,0,0,2.67,0
0,0,0,0,0,0,0,0,0,0,0,0,0,0,0,0,5,0,10.8,0,10.01,0,0,0,10.66,0,146.02,40.02,0,0,2.67
0,0,0,0,0,0,0,0,0,0,0,0,0,0,0,0,0,5,0,10.8,0,10.01,0,0,0,10.66,0,146.02,40.02,0,0
0,0,0,0,0,0,0,0,0,0,0,0,0,0,0,0,0,0,5,0,10.8,0,10.01,0,0,0,10.66,0,146.02,40.02,0
10,0,0,0,0,0,0,0,0,0,0,0,0,0,0,0,0,0,0,5,0,10.8,0,10.01,0,0,0,10.66,0,146.02,40.02
0,10,0,0,0,0,0,0,0,0,0,0,0,0,0,0,0,0,0,0,5,0,10.8,0,10.01,0,0,0,10.66,0,146.02
0,0,10,0,0,0,0,0,0,0,0,0,0,0,0,0,0,0,0,0,0,5,0,10.8,0,10.01,0,0,0,10.66,0
0,0,0,10,0,0,0,0,0,0,0,0,0,0,0,0,0,0,0,0,0,0,5,0,10.8,0,10.01,0,0,0,10.66
0,0,0,0,10,0,0,0,0,0,0,0,0,0,0,0,0,0,0,0,0,0,0,5,0,10.8,0,10.01,0,0,0
0,0,0,0,0,10,0,0,0,0,0,0,0,0,0,0,0,0,0,0,0,0,0,0,5,0,10.8,0,10.01,0,0
0,0,0,0,0,0,10,0,0,0,0,0,0,0,0,0,0,0,0,0,0,0,0,0,0,5,0,10.8,0,10.01,0
0,0,0,0,0,0,0,10,0,0,0,0,0,0,0,0,0,0,0,0,0,0,0,0,0,0,5,0,10.8,0,10.01
0,0,0,0,0,0,0,0,10,0,0,0,0,0,0,0,0,0,0,0,0,0,0,0,0,0,0,5,0,10.8,0
0,0,0,0,0,0,0,0,0,10,0,0,0,0,0,0,0,0,0,0,0,0,0,0,0,0,0,0,5,0,10.8
0,0,0,0,0,0,0,0,0,0,10,0,0,0,0,0,0,0,0,0,0,0,0,0,0,0,0,0,0,5,0
11.06,0,0,0,0,0,0,0,0,0,0,10,0,0,0,0,0,0,0,0,0,0,0,0,0,0,0,0,0,0,5
42.26,11.06,0,0,0,0,0,0,0,0,0,0,10,0,0,0,0,0,0,0,0,0,0,0,0,0,0,0,0,0,0
118.56,42.26,11.06,0,0,0,0,0,0,0,0,0,0,10,0,0,0,0,0,0,0,0,0,0,0,0,0,0,0,0,0
0,118.56,42.26,11.06,0,0,0,0,0,0,0,0,0,0,10,0,0,0,0,0,0,0,0,0,0,0,0,0,0,0,0
0,0,118.56,42.26,11.06,0,0,0,0,0,0,0,0,0,0,10,0,0,0,0,0,0,0,0,0,0,0,0,0,0,0
0,0,0,118.56,42.26,11.06,0,0,0,0,0,0,0,0,0,0,10,0,0,0,0,0,0,0,0,0,0,0,0,0,0
0,0,0,0,118.56,42.26,11.06,0,0,0,0,0,0,0,0,0,0,10,0,0,0,0,0,0,0,0,0,0,0,0,0
7.75,0,0,0,0,118.56,42.26,11.06,0,0,0,0,0,0,0,0,0,0,10,0,0,0,0,0,0,0,0,0,0,0,0
0,7.75,0,0,0,0,118.56,42.26,11.06,0,0,0,0,0,0,0,0,0,0,10,0,0,0,0,0,0,0,0,0,0,0
0,0,7.75,0,0,0,0,118.56,42.26,11.06,0,0,0,0,0,0,0,0,0,0,10,0,0,0,0,0,0,0,0,0,0
0,0,0,7.75,0,0,0,0,118.56,42.26,11.06,0,0,0,0,0,0,0,0,0,0,10,0,0,0,0,0,0,0,0,0
0,0,0,0,7.75,0,0,0,0,118.56,42.26,11.06,0,0,0,0,0,0,0,0,0,0,10,0,0,0,0,0,0,0,0
0,0,0,0,0,7.75,0,0,0,0,118.56,42.26,11.06,0,0,0,0,0,0,0,0,0,0,10,0,0,0,0,0,0,0
0,0,0,0,0,0,7.75,0,0,0,0,118.56,42.26,11.06,0,0,0,0,0,0,0,0,0,0,10,0,0,0,0,0,0
0,0,0,0,0,0,0,7.75,0,0,0,0,118.56,42.26,11.06,0,0,0,0,0,0,0,0,0,0,10,0,0,0,0,0
0,0,0,0,0,0,0,0,7.75,0,0,0,0,118.56,42.26,11.06,0,0,0,0,0,0,0,0,0,0,10,0,0,0,0
0,0,0,0,0,0,0,0,0,7.75,0,0,0,0,118.56,42.26,11.06,0,0,0,0,0,0,0,0,0,0,10,0,0,0
0,0,0,0,0,0,0,0,0,0,7.75,0,0,0,0,118.56,42.26,11.06,0,0,0,0,0,0,0,0,0,0,10,0,0
0,0,0,0,0,0,0,0,0,0,0,7.75,0,0,0,0,118.56,42.26,11.06,0,0,0,0,0,0,0,0,0,0,10,0
0,0,0,0,0,0,0,0,0,0,0,0,7.75,0,0,0,0,118.56,42.26,11.06,0,0,0,0,0,0,0,0,0,0,10
0,0,0,0,0,0,0,0,0,0,0,0,0,7.75,0,0,0,0,118.56,42.26,11.06,0,0,0,0,0,0,0,0,0,0
0,0,0,0,0,0,0,0,0,0,0,0,0,0,7.75,0,0,0,0,118.56,42.26,11.06,0,0,0,0,0,0,0,0,0
0,0,0,0,0,0,0,0,0,0,0,0,0,0,0,7.75,0,0,0,0,118.56,42.26,11.06,0,0,0,0,0,0,0,0
0,0,0,0,0,0,0,0,0,0,0,0,0,0,0,0,7.75,0,0,0,0,118.56,42.26,11.06,0,0,0,0,0,0,0
0,0,0,0,0,0,0,0,0,0,0,0,0,0,0,0,0,7.75,0,0,0,0,118.56,42.26,11.06,0,0,0,0,0,0
0,0,0,0,0,0,0,0,0,0,0,0,0,0,0,0,0,0,7.75,0,0,0,0,118.56,42.26,11.06,0,0,0,0,0
0,0,0,0,0,0,0,0,0,0,0,0,0,0,0,0,0,0,0,7.75,0,0,0,0,118.56,42.26,11.06,0,0,0,0
0,0,0,0,0,0,0,0,0,0,0,0,0,0,0,0,0,0,0,0,7.75,0,0,0,0,118.56,42.26,11.06,0,0,0
69.15,0,0,0,0,0,0,0,0,0,0,0,0,0,0,0,0,0,0,0,0,7.75,0,0,0,0,118.56,42.26,11.06,0,0
62.71,69.15,0,0,0,0,0,0,0,0,0,0,0,0,0,0,0,0,0,0,0,0,7.75,0,0,0,0,118.56,42.26,11.06,0
15.65,62.71,69.15,0,0,0,0,0,0,0,0,0,0,0,0,0,0,0,0,0,0,0,0,7.75,0,0,0,0,118.56,42.26,11.06
0,15.65,62.71,69.15,0,0,0,0,0,0,0,0,0,0,0,0,0,0,0,0,0,0,0,0,7.75,0,0,0,0,118.56,42.26
0,0,15.65,62.71,69.15,0,0,0,0,0,0,0,0,0,0,0,0,0,0,0,0,0,0,0,0,7.75,0,0,0,0,118.56
0,0,0,15.65,62.71,69.15,0,0,0,0,0,0,0,0,0,0,0,0,0,0,0,0,0,0,0,0,7.75,0,0,0,0
0,0,0,0,15.65,62.71,69.15,0,0,0,0,0,0,0,0,0,0,0,0,0,0,0,0,0,0,0,0,7.75,0,0,0
21.92,0,0,0,0,15.65,62.71,69.15,0,0,0,0,0,0,0,0,0,0,0,0,0,0,0,0,0,0,0,0,7.75,0,0
0,21.92,0,0,0,0,15.65,62.71,69.15,0,0,0,0,0,0,0,0,0,0,0,0,0,0,0,0,0,0,0,0,7.75,0
69.18,0,21.92,0,0,0,0,15.65,62.71,69.15,0,0,0,0,0,0,0,0,0,0,0,0,0,0,0,0,0,0,0,0,7.75
50.94,69.18,0,21.92,0,0,0,0,15.65,62.71,69.15,0,0,0,0,0,0,0,0,0,0,0,0,0,0,0,0,0,0,0,0
0,50.94,69.18,0,21.92,0,0,0,0,15.65,62.71,69.15,0,0,0,0,0,0,0,0,0,0,0,0,0,0,0,0,0,0,0
0,0,50.94,69.18,0,21.92,0,0,0,0,15.65,62.71,69.15,0,0,0,0,0,0,0,0,0,0,0,0,0,0,0,0,0,0
0,0,0,50.94,69.18,0,21.92,0,0,0,0,15.65,62.71,69.15,0,0,0,0,0,0,0,0,0,0,0,0,0,0,0,0,0
13.85,0,0,0,50.94,69.18,0,21.92,0,0,0,0,15.65,62.71,69.15,0,0,0,0,0,0,0,0,0,0,0,0,0,0,0,0
6.75,13.85,0,0,0,50.94,69.18,0,21.92,0,0,0,0,15.65,62.71,69.15,0,0,0,0,0,0,0,0,0,0,0,0,0,0,0
0,6.75,13.85,0,0,0,50.94,69.18,0,21.92,0,0,0,0,15.65,62.71,69.15,0,0,0,0,0,0,0,0,0,0,0,0,0,0
0,0,6.75,13.85,0,0,0,50.94,69.18,0,21.92,0,0,0,0,15.65,62.71,69.15,0,0,0,0,0,0,0,0,0,0,0,0,0
0,0,0,6.75,13.85,0,0,0,50.94,69.18,0,21.92,0,0,0,0,15.65,62.71,69.15,0,0,0,0,0,0,0,0,0,0,0,0
0,0,0,0,6.75,13.85,0,0,0,50.94,69.18,0,21.92,0,0,0,0,15.65,62.71,69.15,0,0,0,0,0,0,0,0,0,0,0
0,0,0,0,0,6.75,13.85,0,0,0,50.94,69.18,0,21.92,0,0,0,0,15.65,62.71,69.15,0,0,0,0,0,0,0,0,0,0
0,0,0,0,0,0,6.75,13.85,0,0,0,50.94,69.18,0,21.92,0,0,0,0,15.65,62.71,69.15,0,0,0,0,0,0,0,0,0
12.5,0,0,0,0,0,0,6.75,13.85,0,0,0,50.94,69.18,0,21.92,0,0,0,0,15.65,62.71,69.15,0,0,0,0,0,0,0,0
8.7,12.5,0,0,0,0,0,0,6.75,13.85,0,0,0,50.94,69.18,0,21.92,0,0,0,0,15.65,62.71,69.15,0,0,0,0,0,0,0
0,8.7,12.5,0,0,0,0,0,0,6.75,13.85,0,0,0,50.94,69.18,0,21.92,0,0,0,0,15.65,62.71,69.15,0,0,0,0,0,0
0,0,8.7,12.5,0,0,0,0,0,0,6.75,13.85,0,0,0,50.94,69.18,0,21.92,0,0,0,0,15.65,62.71,69.15,0,0,0,0,0
9.09,0,0,8.7,12.5,0,0,0,0,0,0,6.75,13.85,0,0,0,50.94,69.18,0,21.92,0,0,0,0,15.65,62.71,69.15,0,0,0,0
0,9.09,0,0,8.7,12.5,0,0,0,0,0,0,6.75,13.85,0,0,0,50.94,69.18,0,21.92,0,0,0,0,15.65,62.71,69.15,0,0,0
6.1,0,9.09,0,0,8.7,12.5,0,0,0,0,0,0,6.75,13.85,0,0,0,50.94,69.18,0,21.92,0,0,0,0,15.65,62.71,69.15,0,0
5.83,6.1,0,9.09,0,0,8.7,12.5,0,0,0,0,0,0,6.75,13.85,0,0,0,50.94,69.18,0,21.92,0,0,0,0,15.65,62.71,69.15,0
18.15,5.83,6.1,0,9.09,0,0,8.7,12.5,0,0,0,0,0,0,6.75,13.85,0,0,0,50.94,69.18,0,21.92,0,0,0,0,15.65,62.71,69.15
0,18.15,5.83,6.1,0,9.09,0,0,8.7,12.5,0,0,0,0,0,0,6.75,13.85,0,0,0,50.94,69.18,0,21.92,0,0,0,0,15.65,62.71
0,0,18.15,5.83,6.1,0,9.09,0,0,8.7,12.5,0,0,0,0,0,0,6.75,13.85,0,0,0,50.94,69.18,0,21.92,0,0,0,0,15.65
4.87,0,0,18.15,5.83,6.1,0,9.09,0,0,8.7,12.5,0,0,0,0,0,0,6.75,13.85,0,0,0,50.94,69.18,0,21.92,0,0,0,0
0,4.87,0,0,18.15,5.83,6.1,0,9.09,0,0,8.7,12.5,0,0,0,0,0,0,6.75,13.85,0,0,0,50.94,69.18,0,21.92,0,0,0
0,0,4.87,0,0,18.15,5.83,6.1,0,9.09,0,0,8.7,12.5,0,0,0,0,0,0,6.75,13.85,0,0,0,50.94,69.18,0,21.92,0,0
0,0,0,4.87,0,0,18.15,5.83,6.1,0,9.09,0,0,8.7,12.5,0,0,0,0,0,0,6.75,13.85,0,0,0,50.94,69.18,0,21.92,0
0,0,0,0,4.87,0,0,18.15,5.83,6.1,0,9.09,0,0,8.7,12.5,0,0,0,0,0,0,6.75,13.85,0,0,0,50.94,69.18,0,21.92
20,0,0,0,0,4.87,0,0,18.15,5.83,6.1,0,9.09,0,0,8.7,12.5,0,0,0,0,0,0,6.75,13.85,0,0,0,50.94,69.18,0
0,20,0,0,0,0,4.87,0,0,18.15,5.83,6.1,0,9.09,0,0,8.7,12.5,0,0,0,0,0,0,6.75,13.85,0,0,0,50.94,69.18
0,0,20,0,0,0,0,4.87,0,0,18.15,5.83,6.1,0,9.09,0,0,8.7,12.5,0,0,0,0,0,0,6.75,13.85,0,0,0,50.94
0,0,0,20,0,0,0,0,4.87,0,0,18.15,5.83,6.1,0,9.09,0,0,8.7,12.5,0,0,0,0,0,0,6.75,13.85,0,0,0
31.8,0,0,0,20,0,0,0,0,4.87,0,0,18.15,5.83,6.1,0,9.09,0,0,8.7,12.5,0,0,0,0,0,0,6.75,13.85,0,0
0,31.8,0,0,0,20,0,0,0,0,4.87,0,0,18.15,5.83,6.1,0,9.09,0,0,8.7,12.5,0,0,0,0,0,0,6.75,13.85,0
0,0,31.8,0,0,0,20,0,0,0,0,4.87,0,0,18.15,5.83,6.1,0,9.09,0,0,8.7,12.5,0,0,0,0,0,0,6.75,13.85
0,0,0,31.8,0,0,0,20,0,0,0,0,4.87,0,0,18.15,5.83,6.1,0,9.09,0,0,8.7,12.5,0,0,0,0,0,0,6.75
0,0,0,0,31.8,0,0,0,20,0,0,0,0,4.87,0,0,18.15,5.83,6.1,0,9.09,0,0,8.7,12.5,0,0,0,0,0,0
0,0,0,0,0,31.8,0,0,0,20,0,0,0,0,4.87,0,0,18.15,5.83,6.1,0,9.09,0,0,8.7,12.5,0,0,0,0,0
20,0,0,0,0,0,31.8,0,0,0,20,0,0,0,0,4.87,0,0,18.15,5.83,6.1,0,9.09,0,0,8.7,12.5,0,0,0,0
0,20,0,0,0,0,0,31.8,0,0,0,20,0,0,0,0,4.87,0,0,18.15,5.83,6.1,0,9.09,0,0,8.7,12.5,0,0,0
0,0,20,0,0,0,0,0,31.8,0,0,0,20,0,0,0,0,4.87,0,0,18.15,5.83,6.1,0,9.09,0,0,8.7,12.5,0,0
0,0,0,20,0,0,0,0,0,31.8,0,0,0,20,0,0,0,0,4.87,0,0,18.15,5.83,6.1,0,9.09,0,0,8.7,12.5,0
0,0,0,0,20,0,0,0,0,0,31.8,0,0,0,20,0,0,0,0,4.87,0,0,18.15,5.83,6.1,0,9.09,0,0,8.7,12.5
0,0,0,0,0,20,0,0,0,0,0,31.8,0,0,0,20,0,0,0,0,4.87,0,0,18.15,5.83,6.1,0,9.09,0,0,8.7
0,0,0,0,0,0,20,0,0,0,0,0,31.8,0,0,0,20,0,0,0,0,4.87,0,0,18.15,5.83,6.1,0,9.09,0,0
0,0,0,0,0,0,0,20,0,0,0,0,0,31.8,0,0,0,20,0,0,0,0,4.87,0,0,18.15,5.83,6.1,0,9.09,0
0,0,0,0,0,0,0,0,20,0,0,0,0,0,31.8,0,0,0,20,0,0,0,0,4.87,0,0,18.15,5.83,6.1,0,9.09
0,0,0,0,0,0,0,0,0,20,0,0,0,0,0,31.8,0,0,0,20,0,0,0,0,4.87,0,0,18.15,5.83,6.1,0
0,0,0,0,0,0,0,0,0,0,20,0,0,0,0,0,31.8,0,0,0,20,0,0,0,0,4.87,0,0,18.15,5.83,6.1
0,0,0,0,0,0,0,0,0,0,0,20,0,0,0,0,0,31.8,0,0,0,20,0,0,0,0,4.87,0,0,18.15,5.83
0,0,0,0,0,0,0,0,0,0,0,0,20,0,0,0,0,0,31.8,0,0,0,20,0,0,0,0,4.87,0,0,18.15
0,0,0,0,0,0,0,0,0,0,0,0,0,20,0,0,0,0,0,31.8,0,0,0,20,0,0,0,0,4.87,0,0
0,0,0,0,0,0,0,0,0,0,0,0,0,0,20,0,0,0,0,0,31.8,0,0,0,20,0,0,0,0,4.87,0
0,0,0,0,0,0,0,0,0,0,0,0,0,0,0,20,0,0,0,0,0,31.8,0,0,0,20,0,0,0,0,4.87
0,0,0,0,0,0,0,0,0,0,0,0,0,0,0,0,20,0,0,0,0,0,31.8,0,0,0,20,0,0,0,0
0,0,0,0,0,0,0,0,0,0,0,0,0,0,0,0,0,20,0,0,0,0,0,31.8,0,0,0,20,0,0,0
0,0,0,0,0,0,0,0,0,0,0,0,0,0,0,0,0,0,20,0,0,0,0,0,31.8,0,0,0,20,0,0
0,0,0,0,0,0,0,0,0,0,0,0,0,0,0,0,0,0,0,20,0,0,0,0,0,31.8,0,0,0,20,0
0,0,0,0,0,0,0,0,0,0,0,0,0,0,0,0,0,0,0,0,20,0,0,0,0,0,31.8,0,0,0,20
14.26,0,0,0,0,0,0,0,0,0,0,0,0,0,0,0,0,0,0,0,0,20,0,0,0,0,0,31.8,0,0,0
0,14.26,0,0,0,0,0,0,0,0,0,0,0,0,0,0,0,0,0,0,0,0,20,0,0,0,0,0,31.8,0,0
0,0,14.26,0,0,0,0,0,0,0,0,0,0,0,0,0,0,0,0,0,0,0,0,20,0,0,0,0,0,31.8,0
0,0,0,14.26,0,0,0,0,0,0,0,0,0,0,0,0,0,0,0,0,0,0,0,0,20,0,0,0,0,0,31.8
0,0,0,0,14.26,0,0,0,0,0,0,0,0,0,0,0,0,0,0,0,0,0,0,0,0,20,0,0,0,0,0
0,0,0,0,0,14.26,0,0,0,0,0,0,0,0,0,0,0,0,0,0,0,0,0,0,0,0,20,0,0,0,0
0,0,0,0,0,0,14.26,0,0,0,0,0,0,0,0,0,0,0,0,0,0,0,0,0,0,0,0,20,0,0,0
0,0,0,0,0,0,0,14.26,0,0,0,0,0,0,0,0,0,0,0,0,0,0,0,0,0,0,0,0,20,0,0
0,0,0,0,0,0,0,0,14.26,0,0,0,0,0,0,0,0,0,0,0,0,0,0,0,0,0,0,0,0,20,0
0,0,0,0,0,0,0,0,0,14.26,0,0,0,0,0,0,0,0,0,0,0,0,0,0,0,0,0,0,0,0,20
0,0,0,0,0,0,0,0,0,0,14.26,0,0,0,0,0,0,0,0,0,0,0,0,0,0,0,0,0,0,0,0
0,0,0,0,0,0,0,0,0,0,0,14.26,0,0,0,0,0,0,0,0,0,0,0,0,0,0,0,0,0,0,0
0,0,0,0,0,0,0,0,0,0,0,0,14.26,0,0,0,0,0,0,0,0,0,0,0,0,0,0,0,0,0,0
0,0,0,0,0,0,0,0,0,0,0,0,0,14.26,0,0,0,0,0,0,0,0,0,0,0,0,0,0,0,0,0
0,0,0,0,0,0,0,0,0,0,0,0,0,0,14.26,0,0,0,0,0,0,0,0,0,0,0,0,0,0,0,0
0,0,0,0,0,0,0,0,0,0,0,0,0,0,0,14.26,0,0,0,0,0,0,0,0,0,0,0,0,0,0,0
4.79,0,0,0,0,0,0,0,0,0,0,0,0,0,0,0,14.26,0,0,0,0,0,0,0,0,0,0,0,0,0,0
0,4.79,0,0,0,0,0,0,0,0,0,0,0,0,0,0,0,14.26,0,0,0,0,0,0,0,0,0,0,0,0,0
0,0,4.79,0,0,0,0,0,0,0,0,0,0,0,0,0,0,0,14.26,0,0,0,0,0,0,0,0,0,0,0,0
0,0,0,4.79,0,0,0,0,0,0,0,0,0,0,0,0,0,0,0,14.26,0,0,0,0,0,0,0,0,0,0,0
0,0,0,0,4.79,0,0,0,0,0,0,0,0,0,0,0,0,0,0,0,14.26,0,0,0,0,0,0,0,0,0,0
0,0,0,0,0,4.79,0,0,0,0,0,0,0,0,0,0,0,0,0,0,0,14.26,0,0,0,0,0,0,0,0,0
0,0,0,0,0,0,4.79,0,0,0,0,0,0,0,0,0,0,0,0,0,0,0,14.26,0,0,0,0,0,0,0,0
0,0,0,0,0,0,0,4.79,0,0,0,0,0,0,0,0,0,0,0,0,0,0,0,14.26,0,0,0,0,0,0,0
0,0,0,0,0,0,0,0,4.79,0,0,0,0,0,0,0,0,0,0,0,0,0,0,0,14.26,0,0,0,0,0,0
0,0,0,0,0,0,0,0,0,4.79,0,0,0,0,0,0,0,0,0,0,0,0,0,0,0,14.26,0,0,0,0,0
13.2,0,0,0,0,0,0,0,0,0,4.79,0,0,0,0,0,0,0,0,0,0,0,0,0,0,0,14.26,0,0,0,0
56.99,13.2,0,0,0,0,0,0,0,0,0,4.79,0,0,0,0,0,0,0,0,0,0,0,0,0,0,0,14.26,0,0,0
13.09,56.99,13.2,0,0,0,0,0,0,0,0,0,4.79,0,0,0,0,0,0,0,0,0,0,0,0,0,0,0,14.26,0,0
119.15,13.09,56.99,13.2,0,0,0,0,0,0,0,0,0,4.79,0,0,0,0,0,0,0,0,0,0,0,0,0,0,0,14.26,0
22.5,119.15,13.09,56.99,13.2,0,0,0,0,0,0,0,0,0,4.79,0,0,0,0,0,0,0,0,0,0,0,0,0,0,0,14.26
0,22.5,119.15,13.09,56.99,13.2,0,0,0,0,0,0,0,0,0,4.79,0,0,0,0,0,0,0,0,0,0,0,0,0,0,0
0,0,22.5,119.15,13.09,56.99,13.2,0,0,0,0,0,0,0,0,0,4.79,0,0,0,0,0,0,0,0,0,0,0,0,0,0
0,0,0,22.5,119.15,13.09,56.99,13.2,0,0,0,0,0,0,0,0,0,4.79,0,0,0,0,0,0,0,0,0,0,0,0,0
0,0,0,0,22.5,119.15,13.09,56.99,13.2,0,0,0,0,0,0,0,0,0,4.79,0,0,0,0,0,0,0,0,0,0,0,0
0,0,0,0,0,22.5,119.15,13.09,56.99,13.2,0,0,0,0,0,0,0,0,0,4.79,0,0,0,0,0,0,0,0,0,0,0
13.35,0,0,0,0,0,22.5,119.15,13.09,56.99,13.2,0,0,0,0,0,0,0,0,0,4.79,0,0,0,0,0,0,0,0,0,0
48,13.35,0,0,0,0,0,22.5,119.15,13.09,56.99,13.2,0,0,0,0,0,0,0,0,0,4.79,0,0,0,0,0,0,0,0,0
25.78,48,13.35,0,0,0,0,0,22.5,119.15,13.09,56.99,13.2,0,0,0,0,0,0,0,0,0,4.79,0,0,0,0,0,0,0,0
0,25.78,48,13.35,0,0,0,0,0,22.5,119.15,13.09,56.99,13.2,0,0,0,0,0,0,0,0,0,4.79,0,0,0,0,0,0,0
0,0,25.78,48,13.35,0,0,0,0,0,22.5,119.15,13.09,56.99,13.2,0,0,0,0,0,0,0,0,0,4.79,0,0,0,0,0,0
0,0,0,25.78,48,13.35,0,0,0,0,0,22.5,119.15,13.09,56.99,13.2,0,0,0,0,0,0,0,0,0,4.79,0,0,0,0,0
0,0,0,0,25.78,48,13.35,0,0,0,0,0,22.5,119.15,13.09,56.99,13.2,0,0,0,0,0,0,0,0,0,4.79,0,0,0,0
0,0,0,0,0,25.78,48,13.35,0,0,0,0,0,22.5,119.15,13.09,56.99,13.2,0,0,0,0,0,0,0,0,0,4.79,0,0,0
45.04,0,0,0,0,0,25.78,48,13.35,0,0,0,0,0,22.5,119.15,13.09,56.99,13.2,0,0,0,0,0,0,0,0,0,4.79,0,0
0,45.04,0,0,0,0,0,25.78,48,13.35,0,0,0,0,0,22.5,119.15,13.09,56.99,13.2,0,0,0,0,0,0,0,0,0,4.79,0
0,0,45.04,0,0,0,0,0,25.78,48,13.35,0,0,0,0,0,22.5,119.15,13.09,56.99,13.2,0,0,0,0,0,0,0,0,0,4.79
0,0,0,45.04,0,0,0,0,0,25.78,48,13.35,0,0,0,0,0,22.5,119.15,13.09,56.99,13.2,0,0,0,0,0,0,0,0,0
0,0,0,0,45.04,0,0,0,0,0,25.78,48,13.35,0,0,0,0,0,22.5,119.15,13.09,56.99,13.2,0,0,0,0,0,0,0,0
0,0,0,0,0,45.04,0,0,0,0,0,25.78,48,13.35,0,0,0,0,0,22.5,119.15,13.09,56.99,13.2,0,0,0,0,0,0,0
31.75,0,0,0,0,0,45.04,0,0,0,0,0,25.78,48,13.35,0,0,0,0,0,22.5,119.15,13.09,56.99,13.2,0,0,0,0,0,0
0,31.75,0,0,0,0,0,45.04,0,0,0,0,0,25.78,48,13.35,0,0,0,0,0,22.5,119.15,13.09,56.99,13.2,0,0,0,0,0
39.17,0,31.75,0,0,0,0,0,45.04,0,0,0,0,0,25.78,48,13.35,0,0,0,0,0,22.5,119.15,13.09,56.99,13.2,0,0,0,0
0,39.17,0,31.75,0,0,0,0,0,45.04,0,0,0,0,0,25.78,48,13.35,0,0,0,0,0,22.5,119.15,13.09,56.99,13.2,0,0,0
7,0,39.17,0,31.75,0,0,0,0,0,45.04,0,0,0,0,0,25.78,48,13.35,0,0,0,0,0,22.5,119.15,13.09,56.99,13.2,0,0
0,7,0,39.17,0,31.75,0,0,0,0,0,45.04,0,0,0,0,0,25.78,48,13.35,0,0,0,0,0,22.5,119.15,13.09,56.99,13.2,0
7.42,0,7,0,39.17,0,31.75,0,0,0,0,0,45.04,0,0,0,0,0,25.78,48,13.35,0,0,0,0,0,22.5,119.15,13.09,56.99,13.2
0,7.42,0,7,0,39.17,0,31.75,0,0,0,0,0,45.04,0,0,0,0,0,25.78,48,13.35,0,0,0,0,0,22.5,119.15,13.09,56.99
29.84,0,7.42,0,7,0,39.17,0,31.75,0,0,0,0,0,45.04,0,0,0,0,0,25.78,48,13.35,0,0,0,0,0,22.5,119.15,13.09
0,29.84,0,7.42,0,7,0,39.17,0,31.75,0,0,0,0,0,45.04,0,0,0,0,0,25.78,48,13.35,0,0,0,0,0,22.5,119.15
0,0,29.84,0,7.42,0,7,0,39.17,0,31.75,0,0,0,0,0,45.04,0,0,0,0,0,25.78,48,13.35,0,0,0,0,0,22.5
0,0,0,29.84,0,7.42,0,7,0,39.17,0,31.75,0,0,0,0,0,45.04,0,0,0,0,0,25.78,48,13.35,0,0,0,0,0
0,0,0,0,29.84,0,7.42,0,7,0,39.17,0,31.75,0,0,0,0,0,45.04,0,0,0,0,0,25.78,48,13.35,0,0,0,0
0,0,0,0,0,29.84,0,7.42,0,7,0,39.17,0,31.75,0,0,0,0,0,45.04,0,0,0,0,0,25.78,48,13.35,0,0,0
39.8,0,0,0,0,0,29.84,0,7.42,0,7,0,39.17,0,31.75,0,0,0,0,0,45.04,0,0,0,0,0,25.78,48,13.35,0,0
37.89,39.8,0,0,0,0,0,29.84,0,7.42,0,7,0,39.17,0,31.75,0,0,0,0,0,45.04,0,0,0,0,0,25.78,48,13.35,0
0,37.89,39.8,0,0,0,0,0,29.84,0,7.42,0,7,0,39.17,0,31.75,0,0,0,0,0,45.04,0,0,0,0,0,25.78,48,13.35
0,0,37.89,39.8,0,0,0,0,0,29.84,0,7.42,0,7,0,39.17,0,31.75,0,0,0,0,0,45.04,0,0,0,0,0,25.78,48
0,0,0,37.89,39.8,0,0,0,0,0,29.84,0,7.42,0,7,0,39.17,0,31.75,0,0,0,0,0,45.04,0,0,0,0,0,25.78
0,0,0,0,37.89,39.8,0,0,0,0,0,29.84,0,7.42,0,7,0,39.17,0,31.75,0,0,0,0,0,45.04,0,0,0,0,0
0,0,0,0,0,37.89,39.8,0,0,0,0,0,29.84,0,7.42,0,7,0,39.17,0,31.75,0,0,0,0,0,45.04,0,0,0,0
0,0,0,0,0,0,37.89,39.8,0,0,0,0,0,29.84,0,7.42,0,7,0,39.17,0,31.75,0,0,0,0,0,45.04,0,0,0
4.23,0,0,0,0,0,0,37.89,39.8,0,0,0,0,0,29.84,0,7.42,0,7,0,39.17,0,31.75,0,0,0,0,0,45.04,0,0
6.04,4.23,0,0,0,0,0,0,37.89,39.8,0,0,0,0,0,29.84,0,7.42,0,7,0,39.17,0,31.75,0,0,0,0,0,45.04,0
58.36,6.04,4.23,0,0,0,0,0,0,37.89,39.8,0,0,0,0,0,29.84,0,7.42,0,7,0,39.17,0,31.75,0,0,0,0,0,45.04
15.5,58.36,6.04,4.23,0,0,0,0,0,0,37.89,39.8,0,0,0,0,0,29.84,0,7.42,0,7,0,39.17,0,31.75,0,0,0,0,0
35.08,15.5,58.36,6.04,4.23,0,0,0,0,0,0,37.89,39.8,0,0,0,0,0,29.84,0,7.42,0,7,0,39.17,0,31.75,0,0,0,0
5,35.08,15.5,58.36,6.04,4.23,0,0,0,0,0,0,37.89,39.8,0,0,0,0,0,29.84,0,7.42,0,7,0,39.17,0,31.75,0,0,0
21,5,35.08,15.5,58.36,6.04,4.23,0,0,0,0,0,0,37.89,39.8,0,0,0,0,0,29.84,0,7.42,0,7,0,39.17,0,31.75,0,0
0,21,5,35.08,15.5,58.36,6.04,4.23,0,0,0,0,0,0,37.89,39.8,0,0,0,0,0,29.84,0,7.42,0,7,0,39.17,0,31.75,0
2.07,0,21,5,35.08,15.5,58.36,6.04,4.23,0,0,0,0,0,0,37.89,39.8,0,0,0,0,0,29.84,0,7.42,0,7,0,39.17,0,31.75
17.83,2.07,0,21,5,35.08,15.5,58.36,6.04,4.23,0,0,0,0,0,0,37.89,39.8,0,0,0,0,0,29.84,0,7.42,0,7,0,39.17,0
5.3,17.83,2.07,0,21,5,35.08,15.5,58.36,6.04,4.23,0,0,0,0,0,0,37.89,39.8,0,0,0,0,0,29.84,0,7.42,0,7,0,39.17
68.36,5.3,17.83,2.07,0,21,5,35.08,15.5,58.36,6.04,4.23,0,0,0,0,0,0,37.89,39.8,0,0,0,0,0,29.84,0,7.42,0,7,0
2.2,68.36,5.3,17.83,2.07,0,21,5,35.08,15.5,58.36,6.04,4.23,0,0,0,0,0,0,37.89,39.8,0,0,0,0,0,29.84,0,7.42,0,7
15.02,2.2,68.36,5.3,17.83,2.07,0,21,5,35.08,15.5,58.36,6.04,4.23,0,0,0,0,0,0,37.89,39.8,0,0,0,0,0,29.84,0,7.42,0
0,15.02,2.2,68.36,5.3,17.83,2.07,0,21,5,35.08,15.5,58.36,6.04,4.23,0,0,0,0,0,0,37.89,39.8,0,0,0,0,0,29.84,0,7.42
38.49,0,15.02,2.2,68.36,5.3,17.83,2.07,0,21,5,35.08,15.5,58.36,6.04,4.23,0,0,0,0,0,0,37.89,39.8,0,0,0,0,0,29.84,0
0,38.49,0,15.02,2.2,68.36,5.3,17.83,2.07,0,21,5,35.08,15.5,58.36,6.04,4.23,0,0,0,0,0,0,37.89,39.8,0,0,0,0,0,29.84
0,0,38.49,0,15.02,2.2,68.36,5.3,17.83,2.07,0,21,5,35.08,15.5,58.36,6.04,4.23,0,0,0,0,0,0,37.89,39.8,0,0,0,0,0
0,0,0,38.49,0,15.02,2.2,68.36,5.3,17.83,2.07,0,21,5,35.08,15.5,58.36,6.04,4.23,0,0,0,0,0,0,37.89,39.8,0,0,0,0
18.18,0,0,0,38.49,0,15.02,2.2,68.36,5.3,17.83,2.07,0,21,5,35.08,15.5,58.36,6.04,4.23,0,0,0,0,0,0,37.89,39.8,0,0,0
0,18.18,0,0,0,38.49,0,15.02,2.2,68.36,5.3,17.83,2.07,0,21,5,35.08,15.5,58.36,6.04,4.23,0,0,0,0,0,0,37.89,39.8,0,0
38,0,18.18,0,0,0,38.49,0,15.02,2.2,68.36,5.3,17.83,2.07,0,21,5,35.08,15.5,58.36,6.04,4.23,0,0,0,0,0,0,37.89,39.8,0
76.83,38,0,18.18,0,0,0,38.49,0,15.02,2.2,68.36,5.3,17.83,2.07,0,21,5,35.08,15.5,58.36,6.04,4.23,0,0,0,0,0,0,37.89,39.8
5,76.83,38,0,18.18,0,0,0,38.49,0,15.02,2.2,68.36,5.3,17.83,2.07,0,21,5,35.08,15.5,58.36,6.04,4.23,0,0,0,0,0,0,37.89
0,5,76.83,38,0,18.18,0,0,0,38.49,0,15.02,2.2,68.36,5.3,17.83,2.07,0,21,5,35.08,15.5,58.36,6.04,4.23,0,0,0,0,0,0
5.33,0,5,76.83,38,0,18.18,0,0,0,38.49,0,15.02,2.2,68.36,5.3,17.83,2.07,0,21,5,35.08,15.5,58.36,6.04,4.23,0,0,0,0,0
0,5.33,0,5,76.83,38,0,18.18,0,0,0,38.49,0,15.02,2.2,68.36,5.3,17.83,2.07,0,21,5,35.08,15.5,58.36,6.04,4.23,0,0,0,0
64.62,0,5.33,0,5,76.83,38,0,18.18,0,0,0,38.49,0,15.02,2.2,68.36,5.3,17.83,2.07,0,21,5,35.08,15.5,58.36,6.04,4.23,0,0,0
0,64.62,0,5.33,0,5,76.83,38,0,18.18,0,0,0,38.49,0,15.02,2.2,68.36,5.3,17.83,2.07,0,21,5,35.08,15.5,58.36,6.04,4.23,0,0
0,0,64.62,0,5.33,0,5,76.83,38,0,18.18,0,0,0,38.49,0,15.02,2.2,68.36,5.3,17.83,2.07,0,21,5,35.08,15.5,58.36,6.04,4.23,0
0,0,0,64.62,0,5.33,0,5,76.83,38,0,18.18,0,0,0,38.49,0,15.02,2.2,68.36,5.3,17.83,2.07,0,21,5,35.08,15.5,58.36,6.04,4.23
15.54,0,0,0,64.62,0,5.33,0,5,76.83,38,0,18.18,0,0,0,38.49,0,15.02,2.2,68.36,5.3,17.83,2.07,0,21,5,35.08,15.5,58.36,6.04
0,15.54,0,0,0,64.62,0,5.33,0,5,76.83,38,0,18.18,0,0,0,38.49,0,15.02,2.2,68.36,5.3,17.83,2.07,0,21,5,35.08,15.5,58.36
2.2,0,15.54,0,0,0,64.62,0,5.33,0,5,76.83,38,0,18.18,0,0,0,38.49,0,15.02,2.2,68.36,5.3,17.83,2.07,0,21,5,35.08,15.5
81.74,2.2,0,15.54,0,0,0,64.62,0,5.33,0,5,76.83,38,0,18.18,0,0,0,38.49,0,15.02,2.2,68.36,5.3,17.83,2.07,0,21,5,35.08
83.36,81.74,2.2,0,15.54,0,0,0,64.62,0,5.33,0,5,76.83,38,0,18.18,0,0,0,38.49,0,15.02,2.2,68.36,5.3,17.83,2.07,0,21,5
108.45,83.36,81.74,2.2,0,15.54,0,0,0,64.62,0,5.33,0,5,76.83,38,0,18.18,0,0,0,38.49,0,15.02,2.2,68.36,5.3,17.83,2.07,0,21
0,108.45,83.36,81.74,2.2,0,15.54,0,0,0,64.62,0,5.33,0,5,76.83,38,0,18.18,0,0,0,38.49,0,15.02,2.2,68.36,5.3,17.83,2.07,0
2.2,0,108.45,83.36,81.74,2.2,0,15.54,0,0,0,64.62,0,5.33,0,5,76.83,38,0,18.18,0,0,0,38.49,0,15.02,2.2,68.36,5.3,17.83,2.07
0,2.2,0,108.45,83.36,81.74,2.2,0,15.54,0,0,0,64.62,0,5.33,0,5,76.83,38,0,18.18,0,0,0,38.49,0,15.02,2.2,68.36,5.3,17.83
4.53,0,2.2,0,108.45,83.36,81.74,2.2,0,15.54,0,0,0,64.62,0,5.33,0,5,76.83,38,0,18.18,0,0,0,38.49,0,15.02,2.2,68.36,5.3
0,4.53,0,2.2,0,108.45,83.36,81.74,2.2,0,15.54,0,0,0,64.62,0,5.33,0,5,76.83,38,0,18.18,0,0,0,38.49,0,15.02,2.2,68.36
0,0,4.53,0,2.2,0,108.45,83.36,81.74,2.2,0,15.54,0,0,0,64.62,0,5.33,0,5,76.83,38,0,18.18,0,0,0,38.49,0,15.02,2.2
19.56,0,0,4.53,0,2.2,0,108.45,83.36,81.74,2.2,0,15.54,0,0,0,64.62,0,5.33,0,5,76.83,38,0,18.18,0,0,0,38.49,0,15.02
26.19,19.56,0,0,4.53,0,2.2,0,108.45,83.36,81.74,2.2,0,15.54,0,0,0,64.62,0,5.33,0,5,76.83,38,0,18.18,0,0,0,38.49,0
0,26.19,19.56,0,0,4.53,0,2.2,0,108.45,83.36,81.74,2.2,0,15.54,0,0,0,64.62,0,5.33,0,5,76.83,38,0,18.18,0,0,0,38.49
0,0,26.19,19.56,0,0,4.53,0,2.2,0,108.45,83.36,81.74,2.2,0,15.54,0,0,0,64.62,0,5.33,0,5,76.83,38,0,18.18,0,0,0
0,0,0,26.19,19.56,0,0,4.53,0,2.2,0,108.45,83.36,81.74,2.2,0,15.54,0,0,0,64.62,0,5.33,0,5,76.83,38,0,18.18,0,0
0,0,0,0,26.19,19.56,0,0,4.53,0,2.2,0,108.45,83.36,81.74,2.2,0,15.54,0,0,0,64.62,0,5.33,0,5,76.83,38,0,18.18,0
0,0,0,0,0,26.19,19.56,0,0,4.53,0,2.2,0,108.45,83.36,81.74,2.2,0,15.54,0,0,0,64.62,0,5.33,0,5,76.83,38,0,18.18
0,0,0,0,0,0,26.19,19.56,0,0,4.53,0,2.2,0,108.45,83.36,81.74,2.2,0,15.54,0,0,0,64.62,0,5.33,0,5,76.83,38,0
0,0,0,0,0,0,0,26.19,19.56,0,0,4.53,0,2.2,0,108.45,83.36,81.74,2.2,0,15.54,0,0,0,64.62,0,5.33,0,5,76.83,38
0,0,0,0,0,0,0,0,26.19,19.56,0,0,4.53,0,2.2,0,108.45,83.36,81.74,2.2,0,15.54,0,0,0,64.62,0,5.33,0,5,76.83
0,0,0,0,0,0,0,0,0,26.19,19.56,0,0,4.53,0,2.2,0,108.45,83.36,81.74,2.2,0,15.54,0,0,0,64.62,0,5.33,0,5
85,0,0,0,0,0,0,0,0,0,26.19,19.56,0,0,4.53,0,2.2,0,108.45,83.36,81.74,2.2,0,15.54,0,0,0,64.62,0,5.33,0
0,85,0,0,0,0,0,0,0,0,0,26.19,19.56,0,0,4.53,0,2.2,0,108.45,83.36,81.74,2.2,0,15.54,0,0,0,64.62,0,5.33
0,0,85,0,0,0,0,0,0,0,0,0,26.19,19.56,0,0,4.53,0,2.2,0,108.45,83.36,81.74,2.2,0,15.54,0,0,0,64.62,0
0,0,0,85,0,0,0,0,0,0,0,0,0,26.19,19.56,0,0,4.53,0,2.2,0,108.45,83.36,81.74,2.2,0,15.54,0,0,0,64.62
0,0,0,0,85,0,0,0,0,0,0,0,0,0,26.19,19.56,0,0,4.53,0,2.2,0,108.45,83.36,81.74,2.2,0,15.54,0,0,0
0,0,0,0,0,85,0,0,0,0,0,0,0,0,0,26.19,19.56,0,0,4.53,0,2.2,0,108.45,83.36,81.74,2.2,0,15.54,0,0
0,0,0,0,0,0,85,0,0,0,0,0,0,0,0,0,26.19,19.56,0,0,4.53,0,2.2,0,108.45,83.36,81.74,2.2,0,15.54,0
0,0,0,0,0,0,0,85,0,0,0,0,0,0,0,0,0,26.19,19.56,0,0,4.53,0,2.2,0,108.45,83.36,81.74,2.2,0,15.54
5,0,0,0,0,0,0,0,85,0,0,0,0,0,0,0,0,0,26.19,19.56,0,0,4.53,0,2.2,0,108.45,83.36,81.74,2.2,0
0,5,0,0,0,0,0,0,0,85,0,0,0,0,0,0,0,0,0,26.19,19.56,0,0,4.53,0,2.2,0,108.45,83.36,81.74,2.2
7.88,0,5,0,0,0,0,0,0,0,85,0,0,0,0,0,0,0,0,0,26.19,19.56,0,0,4.53,0,2.2,0,108.45,83.36,81.74
0,7.88,0,5,0,0,0,0,0,0,0,85,0,0,0,0,0,0,0,0,0,26.19,19.56,0,0,4.53,0,2.2,0,108.45,83.36
0,0,7.88,0,5,0,0,0,0,0,0,0,85,0,0,0,0,0,0,0,0,0,26.19,19.56,0,0,4.53,0,2.2,0,108.45
0,0,0,7.88,0,5,0,0,0,0,0,0,0,85,0,0,0,0,0,0,0,0,0,26.19,19.56,0,0,4.53,0,2.2,0
0,0,0,0,7.88,0,5,0,0,0,0,0,0,0,85,0,0,0,0,0,0,0,0,0,26.19,19.56,0,0,4.53,0,2.2
0,0,0,0,0,7.88,0,5,0,0,0,0,0,0,0,85,0,0,0,0,0,0,0,0,0,26.19,19.56,0,0,4.53,0
0,0,0,0,0,0,7.88,0,5,0,0,0,0,0,0,0,85,0,0,0,0,0,0,0,0,0,26.19,19.56,0,0,4.53
0,0,0,0,0,0,0,7.88,0,5,0,0,0,0,0,0,0,85,0,0,0,0,0,0,0,0,0,26.19,19.56,0,0
0,0,0,0,0,0,0,0,7.88,0,5,0,0,0,0,0,0,0,85,0,0,0,0,0,0,0,0,0,26.19,19.56,0
0,0,0,0,0,0,0,0,0,7.88,0,5,0,0,0,0,0,0,0,85,0,0,0,0,0,0,0,0,0,26.19,19.56
0,0,0,0,0,0,0,0,0,0,7.88,0,5,0,0,0,0,0,0,0,85,0,0,0,0,0,0,0,0,0,26.19
0,0,0,0,0,0,0,0,0,0,0,7.88,0,5,0,0,0,0,0,0,0,85,0,0,0,0,0,0,0,0,0
0,0,0,0,0,0,0,0,0,0,0,0,7.88,0,5,0,0,0,0,0,0,0,85,0,0,0,0,0,0,0,0
0,0,0,0,0,0,0,0,0,0,0,0,0,7.88,0,5,0,0,0,0,0,0,0,85,0,0,0,0,0,0,0
7,0,0,0,0,0,0,0,0,0,0,0,0,0,7.88,0,5,0,0,0,0,0,0,0,85,0,0,0,0,0,0
0,7,0,0,0,0,0,0,0,0,0,0,0,0,0,7.88,0,5,0,0,0,0,0,0,0,85,0,0,0,0,0
0,0,7,0,0,0,0,0,0,0,0,0,0,0,0,0,7.88,0,5,0,0,0,0,0,0,0,85,0,0,0,0
0,0,0,7,0,0,0,0,0,0,0,0,0,0,0,0,0,7.88,0,5,0,0,0,0,0,0,0,85,0,0,0
0,0,0,0,7,0,0,0,0,0,0,0,0,0,0,0,0,0,7.88,0,5,0,0,0,0,0,0,0,85,0,0
0,0,0,0,0,7,0,0,0,0,0,0,0,0,0,0,0,0,0,7.88,0,5,0,0,0,0,0,0,0,85,0
0,0,0,0,0,0,7,0,0,0,0,0,0,0,0,0,0,0,0,0,7.88,0,5,0,0,0,0,0,0,0,85
3.18,0,0,0,0,0,0,7,0,0,0,0,0,0,0,0,0,0,0,0,0,7.88,0,5,0,0,0,0,0,0,0
7,3.18,0,0,0,0,0,0,7,0,0,0,0,0,0,0,0,0,0,0,0,0,7.88,0,5,0,0,0,0,0,0
0,7,3.18,0,0,0,0,0,0,7,0,0,0,0,0,0,0,0,0,0,0,0,0,7.88,0,5,0,0,0,0,0
0,0,7,3.18,0,0,0,0,0,0,7,0,0,0,0,0,0,0,0,0,0,0,0,0,7.88,0,5,0,0,0,0
0,0,0,7,3.18,0,0,0,0,0,0,7,0,0,0,0,0,0,0,0,0,0,0,0,0,7.88,0,5,0,0,0
0,0,0,0,7,3.18,0,0,0,0,0,0,7,0,0,0,0,0,0,0,0,0,0,0,0,0,7.88,0,5,0,0
3.5,0,0,0,0,7,3.18,0,0,0,0,0,0,7,0,0,0,0,0,0,0,0,0,0,0,0,0,7.88,0,5,0
3.5,3.5,0,0,0,0,7,3.18,0,0,0,0,0,0,7,0,0,0,0,0,0,0,0,0,0,0,0,0,7.88,0,5
0,3.5,3.5,0,0,0,0,7,3.18,0,0,0,0,0,0,7,0,0,0,0,0,0,0,0,0,0,0,0,0,7.88,0
0,0,3.5,3.5,0,0,0,0,7,3.18,0,0,0,0,0,0,7,0,0,0,0,0,0,0,0,0,0,0,0,0,7.88
7,0,0,3.5,3.5,0,0,0,0,7,3.18,0,0,0,0,0,0,7,0,0,0,0,0,0,0,0,0,0,0,0,0
0,7,0,0,3.5,3.5,0,0,0,0,7,3.18,0,0,0,0,0,0,7,0,0,0,0,0,0,0,0,0,0,0,0
0,0,7,0,0,3.5,3.5,0,0,0,0,7,3.18,0,0,0,0,0,0,7,0,0,0,0,0,0,0,0,0,0,0
0,0,0,7,0,0,3.5,3.5,0,0,0,0,7,3.18,0,0,0,0,0,0,7,0,0,0,0,0,0,0,0,0,0
4,0,0,0,7,0,0,3.5,3.5,0,0,0,0,7,3.18,0,0,0,0,0,0,7,0,0,0,0,0,0,0,0,0
7,4,0,0,0,7,0,0,3.5,3.5,0,0,0,0,7,3.18,0,0,0,0,0,0,7,0,0,0,0,0,0,0,0
10.8,7,4,0,0,0,7,0,0,3.5,3.5,0,0,0,0,7,3.18,0,0,0,0,0,0,7,0,0,0,0,0,0,0
14.8,10.8,7,4,0,0,0,7,0,0,3.5,3.5,0,0,0,0,7,3.18,0,0,0,0,0,0,7,0,0,0,0,0,0
10.8,14.8,10.8,7,4,0,0,0,7,0,0,3.5,3.5,0,0,0,0,7,3.18,0,0,0,0,0,0,7,0,0,0,0,0
10.8,10.8,14.8,10.8,7,4,0,0,0,7,0,0,3.5,3.5,0,0,0,0,7,3.18,0,0,0,0,0,0,7,0,0,0,0
10.8,10.8,10.8,14.8,10.8,7,4,0,0,0,7,0,0,3.5,3.5,0,0,0,0,7,3.18,0,0,0,0,0,0,7,0,0,0
0,10.8,10.8,10.8,14.8,10.8,7,4,0,0,0,7,0,0,3.5,3.5,0,0,0,0,7,3.18,0,0,0,0,0,0,7,0,0
0,0,10.8,10.8,10.8,14.8,10.8,7,4,0,0,0,7,0,0,3.5,3.5,0,0,0,0,7,3.18,0,0,0,0,0,0,7,0
0,0,0,10.8,10.8,10.8,14.8,10.8,7,4,0,0,0,7,0,0,3.5,3.5,0,0,0,0,7,3.18,0,0,0,0,0,0,7
0,0,0,0,10.8,10.8,10.8,14.8,10.8,7,4,0,0,0,7,0,0,3.5,3.5,0,0,0,0,7,3.18,0,0,0,0,0,0
0,0,0,0,0,10.8,10.8,10.8,14.8,10.8,7,4,0,0,0,7,0,0,3.5,3.5,0,0,0,0,7,3.18,0,0,0,0,0
0,0,0,0,0,0,10.8,10.8,10.8,14.8,10.8,7,4,0,0,0,7,0,0,3.5,3.5,0,0,0,0,7,3.18,0,0,0,0
0,0,0,0,0,0,0,10.8,10.8,10.8,14.8,10.8,7,4,0,0,0,7,0,0,3.5,3.5,0,0,0,0,7,3.18,0,0,0
0,0,0,0,0,0,0,0,10.8,10.8,10.8,14.8,10.8,7,4,0,0,0,7,0,0,3.5,3.5,0,0,0,0,7,3.18,0,0
0,0,0,0,0,0,0,0,0,10.8,10.8,10.8,14.8,10.8,7,4,0,0,0,7,0,0,3.5,3.5,0,0,0,0,7,3.18,0
0,0,0,0,0,0,0,0,0,0,10.8,10.8,10.8,14.8,10.8,7,4,0,0,0,7,0,0,3.5,3.5,0,0,0,0,7,3.18
0,0,0,0,0,0,0,0,0,0,0,10.8,10.8,10.8,14.8,10.8,7,4,0,0,0,7,0,0,3.5,3.5,0,0,0,0,7
0,0,0,0,0,0,0,0,0,0,0,0,10.8,10.8,10.8,14.8,10.8,7,4,0,0,0,7,0,0,3.5,3.5,0,0,0,0
0,0,0,0,0,0,0,0,0,0,0,0,0,10.8,10.8,10.8,14.8,10.8,7,4,0,0,0,7,0,0,3.5,3.5,0,0,0
8,0,0,0,0,0,0,0,0,0,0,0,0,0,10.8,10.8,10.8,14.8,10.8,7,4,0,0,0,7,0,0,3.5,3.5,0,0
0,8,0,0,0,0,0,0,0,0,0,0,0,0,0,10.8,10.8,10.8,14.8,10.8,7,4,0,0,0,7,0,0,3.5,3.5,0
0,0,8,0,0,0,0,0,0,0,0,0,0,0,0,0,10.8,10.8,10.8,14.8,10.8,7,4,0,0,0,7,0,0,3.5,3.5
0,0,0,8,0,0,0,0,0,0,0,0,0,0,0,0,0,10.8,10.8,10.8,14.8,10.8,7,4,0,0,0,7,0,0,3.5
0,0,0,0,8,0,0,0,0,0,0,0,0,0,0,0,0,0,10.8,10.8,10.8,14.8,10.8,7,4,0,0,0,7,0,0
0,0,0,0,0,8,0,0,0,0,0,0,0,0,0,0,0,0,0,10.8,10.8,10.8,14.8,10.8,7,4,0,0,0,7,0
0,0,0,0,0,0,8,0,0,0,0,0,0,0,0,0,0,0,0,0,10.8,10.8,10.8,14.8,10.8,7,4,0,0,0,7
0,0,0,0,0,0,0,8,0,0,0,0,0,0,0,0,0,0,0,0,0,10.8,10.8,10.8,14.8,10.8,7,4,0,0,0
0,0,0,0,0,0,0,0,8,0,0,0,0,0,0,0,0,0,0,0,0,0,10.8,10.8,10.8,14.8,10.8,7,4,0,0
0,0,0,0,0,0,0,0,0,8,0,0,0,0,0,0,0,0,0,0,0,0,0,10.8,10.8,10.8,14.8,10.8,7,4,0
0,0,0,0,0,0,0,0,0,0,8,0,0,0,0,0,0,0,0,0,0,0,0,0,10.8,10.8,10.8,14.8,10.8,7,4
0,0,0,0,0,0,0,0,0,0,0,8,0,0,0,0,0,0,0,0,0,0,0,0,0,10.8,10.8,10.8,14.8,10.8,7
0,0,0,0,0,0,0,0,0,0,0,0,8,0,0,0,0,0,0,0,0,0,0,0,0,0,10.8,10.8,10.8,14.8,10.8
0,0,0,0,0,0,0,0,0,0,0,0,0,8,0,0,0,0,0,0,0,0,0,0,0,0,0,10.8,10.8,10.8,14.8
0,0,0,0,0,0,0,0,0,0,0,0,0,0,8,0,0,0,0,0,0,0,0,0,0,0,0,0,10.8,10.8,10.8
0,0,0,0,0,0,0,0,0,0,0,0,0,0,0,8,0,0,0,0,0,0,0,0,0,0,0,0,0,10.8,10.8
0,0,0,0,0,0,0,0,0,0,0,0,0,0,0,0,8,0,0,0,0,0,0,0,0,0,0,0,0,0,10.8
0,0,0,0,0,0,0,0,0,0,0,0,0,0,0,0,0,8,0,0,0,0,0,0,0,0,0,0,0,0,0
0,0,0,0,0,0,0,0,0,0,0,0,0,0,0,0,0,0,8,0,0,0,0,0,0,0,0,0,0,0,0
0,0,0,0,0,0,0,0,0,0,0,0,0,0,0,0,0,0,0,8,0,0,0,0,0,0,0,0,0,0,0
0,0,0,0,0,0,0,0,0,0,0,0,0,0,0,0,0,0,0,0,8,0,0,0,0,0,0,0,0,0,0
0,0,0,0,0,0,0,0,0,0,0,0,0,0,0,0,0,0,0,0,0,8,0,0,0,0,0,0,0,0,0
0,0,0,0,0,0,0,0,0,0,0,0,0,0,0,0,0,0,0,0,0,0,8,0,0,0,0,0,0,0,0
0,0,0,0,0,0,0,0,0,0,0,0,0,0,0,0,0,0,0,0,0,0,0,8,0,0,0,0,0,0,0
0,0,0,0,0,0,0,0,0,0,0,0,0,0,0,0,0,0,0,0,0,0,0,0,8,0,0,0,0,0,0
0,0,0,0,0,0,0,0,0,0,0,0,0,0,0,0,0,0,0,0,0,0,0,0,0,8,0,0,0,0,0
0,0,0,0,0,0,0,0,0,0,0,0,0,0,0,0,0,0,0,0,0,0,0,0,0,0,8,0,0,0,0
0,0,0,0,0,0,0,0,0,0,0,0,0,0,0,0,0,0,0,0,0,0,0,0,0,0,0,8,0,0,0
5,0,0,0,0,0,0,0,0,0,0,0,0,0,0,0,0,0,0,0,0,0,0,0,0,0,0,0,8,0,0
0,5,0,0,0,0,0,0,0,0,0,0,0,0,0,0,0,0,0,0,0,0,0,0,0,0,0,0,0,8,0
0,0,5,0,0,0,0,0,0,0,0,0,0,0,0,0,0,0,0,0,0,0,0,0,0,0,0,0,0,0,8
0,0,0,5,0,0,0,0,0,0,0,0,0,0,0,0,0,0,0,0,0,0,0,0,0,0,0,0,0,0,0
0,0,0,0,5,0,0,0,0,0,0,0,0,0,0,0,0,0,0,0,0,0,0,0,0,0,0,0,0,0,0
8,0,0,0,0,5,0,0,0,0,0,0,0,0,0,0,0,0,0,0,0,0,0,0,0,0,0,0,0,0,0
24.1,8,0,0,0,0,5,0,0,0,0,0,0,0,0,0,0,0,0,0,0,0,0,0,0,0,0,0,0,0,0
0,24.1,8,0,0,0,0,5,0,0,0,0,0,0,0,0,0,0,0,0,0,0,0,0,0,0,0,0,0,0,0
4,0,24.1,8,0,0,0,0,5,0,0,0,0,0,0,0,0,0,0,0,0,0,0,0,0,0,0,0,0,0,0
0,4,0,24.1,8,0,0,0,0,5,0,0,0,0,0,0,0,0,0,0,0,0,0,0,0,0,0,0,0,0,0
0,0,4,0,24.1,8,0,0,0,0,5,0,0,0,0,0,0,0,0,0,0,0,0,0,0,0,0,0,0,0,0
0,0,0,4,0,24.1,8,0,0,0,0,5,0,0,0,0,0,0,0,0,0,0,0,0,0,0,0,0,0,0,0
13.04,0,0,0,4,0,24.1,8,0,0,0,0,5,0,0,0,0,0,0,0,0,0,0,0,0,0,0,0,0,0,0
45.06,13.04,0,0,0,4,0,24.1,8,0,0,0,0,5,0,0,0,0,0,0,0,0,0,0,0,0,0,0,0,0,0
61.76,45.06,13.04,0,0,0,4,0,24.1,8,0,0,0,0,5,0,0,0,0,0,0,0,0,0,0,0,0,0,0,0,0
67.93,61.76,45.06,13.04,0,0,0,4,0,24.1,8,0,0,0,0,5,0,0,0,0,0,0,0,0,0,0,0,0,0,0,0
7.33,67.93,61.76,45.06,13.04,0,0,0,4,0,24.1,8,0,0,0,0,5,0,0,0,0,0,0,0,0,0,0,0,0,0,0
8.69,7.33,67.93,61.76,45.06,13.04,0,0,0,4,0,24.1,8,0,0,0,0,5,0,0,0,0,0,0,0,0,0,0,0,0,0
0,8.69,7.33,67.93,61.76,45.06,13.04,0,0,0,4,0,24.1,8,0,0,0,0,5,0,0,0,0,0,0,0,0,0,0,0,0
0,0,8.69,7.33,67.93,61.76,45.06,13.04,0,0,0,4,0,24.1,8,0,0,0,0,5,0,0,0,0,0,0,0,0,0,0,0
0,0,0,8.69,7.33,67.93,61.76,45.06,13.04,0,0,0,4,0,24.1,8,0,0,0,0,5,0,0,0,0,0,0,0,0,0,0
0,0,0,0,8.69,7.33,67.93,61.76,45.06,13.04,0,0,0,4,0,24.1,8,0,0,0,0,5,0,0,0,0,0,0,0,0,0
0,0,0,0,0,8.69,7.33,67.93,61.76,45.06,13.04,0,0,0,4,0,24.1,8,0,0,0,0,5,0,0,0,0,0,0,0,0
0,0,0,0,0,0,8.69,7.33,67.93,61.76,45.06,13.04,0,0,0,4,0,24.1,8,0,0,0,0,5,0,0,0,0,0,0,0
0,0,0,0,0,0,0,8.69,7.33,67.93,61.76,45.06,13.04,0,0,0,4,0,24.1,8,0,0,0,0,5,0,0,0,0,0,0
0,0,0,0,0,0,0,0,8.69,7.33,67.93,61.76,45.06,13.04,0,0,0,4,0,24.1,8,0,0,0,0,5,0,0,0,0,0
0,0,0,0,0,0,0,0,0,8.69,7.33,67.93,61.76,45.06,13.04,0,0,0,4,0,24.1,8,0,0,0,0,5,0,0,0,0
0,0,0,0,0,0,0,0,0,0,8.69,7.33,67.93,61.76,45.06,13.04,0,0,0,4,0,24.1,8,0,0,0,0,5,0,0,0
0,0,0,0,0,0,0,0,0,0,0,8.69,7.33,67.93,61.76,45.06,13.04,0,0,0,4,0,24.1,8,0,0,0,0,5,0,0
0,0,0,0,0,0,0,0,0,0,0,0,8.69,7.33,67.93,61.76,45.06,13.04,0,0,0,4,0,24.1,8,0,0,0,0,5,0
0,0,0,0,0,0,0,0,0,0,0,0,0,8.69,7.33,67.93,61.76,45.06,13.04,0,0,0,4,0,24.1,8,0,0,0,0,5
0,0,0,0,0,0,0,0,0,0,0,0,0,0,8.69,7.33,67.93,61.76,45.06,13.04,0,0,0,4,0,24.1,8,0,0,0,0
0,0,0,0,0,0,0,0,0,0,0,0,0,0,0,8.69,7.33,67.93,61.76,45.06,13.04,0,0,0,4,0,24.1,8,0,0,0
0,0,0,0,0,0,0,0,0,0,0,0,0,0,0,0,8.69,7.33,67.93,61.76,45.06,13.04,0,0,0,4,0,24.1,8,0,0
0,0,0,0,0,0,0,0,0,0,0,0,0,0,0,0,0,8.69,7.33,67.93,61.76,45.06,13.04,0,0,0,4,0,24.1,8,0
0,0,0,0,0,0,0,0,0,0,0,0,0,0,0,0,0,0,8.69,7.33,67.93,61.76,45.06,13.04,0,0,0,4,0,24.1,8
0,0,0,0,0,0,0,0,0,0,0,0,0,0,0,0,0,0,0,8.69,7.33,67.93,61.76,45.06,13.04,0,0,0,4,0,24.1
0,0,0,0,0,0,0,0,0,0,0,0,0,0,0,0,0,0,0,0,8.69,7.33,67.93,61.76,45.06,13.04,0,0,0,4,0
0,0,0,0,0,0,0,0,0,0,0,0,0,0,0,0,0,0,0,0,0,8.69,7.33,67.93,61.76,45.06,13.04,0,0,0,4
0,0,0,0,0,0,0,0,0,0,0,0,0,0,0,0,0,0,0,0,0,0,8.69,7.33,67.93,61.76,45.06,13.04,0,0,0
0,0,0,0,0,0,0,0,0,0,0,0,0,0,0,0,0,0,0,0,0,0,0,8.69,7.33,67.93,61.76,45.06,13.04,0,0
0,0,0,0,0,0,0,0,0,0,0,0,0,0,0,0,0,0,0,0,0,0,0,0,8.69,7.33,67.93,61.76,45.06,13.04,0
0,0,0,0,0,0,0,0,0,0,0,0,0,0,0,0,0,0,0,0,0,0,0,0,0,8.69,7.33,67.93,61.76,45.06,13.04
9.5,0,0,0,0,0,0,0,0,0,0,0,0,0,0,0,0,0,0,0,0,0,0,0,0,0,8.69,7.33,67.93,61.76,45.06
0,9.5,0,0,0,0,0,0,0,0,0,0,0,0,0,0,0,0,0,0,0,0,0,0,0,0,0,8.69,7.33,67.93,61.76
0,0,9.5,0,0,0,0,0,0,0,0,0,0,0,0,0,0,0,0,0,0,0,0,0,0,0,0,0,8.69,7.33,67.93
0,0,0,9.5,0,0,0,0,0,0,0,0,0,0,0,0,0,0,0,0,0,0,0,0,0,0,0,0,0,8.69,7.33
0,0,0,0,9.5,0,0,0,0,0,0,0,0,0,0,0,0,0,0,0,0,0,0,0,0,0,0,0,0,0,8.69
5,0,0,0,0,9.5,0,0,0,0,0,0,0,0,0,0,0,0,0,0,0,0,0,0,0,0,0,0,0,0,0
60.78,5,0,0,0,0,9.5,0,0,0,0,0,0,0,0,0,0,0,0,0,0,0,0,0,0,0,0,0,0,0,0
1.69,60.78,5,0,0,0,0,9.5,0,0,0,0,0,0,0,0,0,0,0,0,0,0,0,0,0,0,0,0,0,0,0
0,1.69,60.78,5,0,0,0,0,9.5,0,0,0,0,0,0,0,0,0,0,0,0,0,0,0,0,0,0,0,0,0,0
13.55,0,1.69,60.78,5,0,0,0,0,9.5,0,0,0,0,0,0,0,0,0,0,0,0,0,0,0,0,0,0,0,0,0
0,13.55,0,1.69,60.78,5,0,0,0,0,9.5,0,0,0,0,0,0,0,0,0,0,0,0,0,0,0,0,0,0,0,0
0,0,13.55,0,1.69,60.78,5,0,0,0,0,9.5,0,0,0,0,0,0,0,0,0,0,0,0,0,0,0,0,0,0,0
0,0,0,13.55,0,1.69,60.78,5,0,0,0,0,9.5,0,0,0,0,0,0,0,0,0,0,0,0,0,0,0,0,0,0
3.16,0,0,0,13.55,0,1.69,60.78,5,0,0,0,0,9.5,0,0,0,0,0,0,0,0,0,0,0,0,0,0,0,0,0
22.53,3.16,0,0,0,13.55,0,1.69,60.78,5,0,0,0,0,9.5,0,0,0,0,0,0,0,0,0,0,0,0,0,0,0,0
0,22.53,3.16,0,0,0,13.55,0,1.69,60.78,5,0,0,0,0,9.5,0,0,0,0,0,0,0,0,0,0,0,0,0,0,0
0,0,22.53,3.16,0,0,0,13.55,0,1.69,60.78,5,0,0,0,0,9.5,0,0,0,0,0,0,0,0,0,0,0,0,0,0
0,0,0,22.53,3.16,0,0,0,13.55,0,1.69,60.78,5,0,0,0,0,9.5,0,0,0,0,0,0,0,0,0,0,0,0,0
4.75,0,0,0,22.53,3.16,0,0,0,13.55,0,1.69,60.78,5,0,0,0,0,9.5,0,0,0,0,0,0,0,0,0,0,0,0
0,4.75,0,0,0,22.53,3.16,0,0,0,13.55,0,1.69,60.78,5,0,0,0,0,9.5,0,0,0,0,0,0,0,0,0,0,0
0,0,4.75,0,0,0,22.53,3.16,0,0,0,13.55,0,1.69,60.78,5,0,0,0,0,9.5,0,0,0,0,0,0,0,0,0,0
33.51,0,0,4.75,0,0,0,22.53,3.16,0,0,0,13.55,0,1.69,60.78,5,0,0,0,0,9.5,0,0,0,0,0,0,0,0,0
0,33.51,0,0,4.75,0,0,0,22.53,3.16,0,0,0,13.55,0,1.69,60.78,5,0,0,0,0,9.5,0,0,0,0,0,0,0,0
0,0,33.51,0,0,4.75,0,0,0,22.53,3.16,0,0,0,13.55,0,1.69,60.78,5,0,0,0,0,9.5,0,0,0,0,0,0,0
0,0,0,33.51,0,0,4.75,0,0,0,22.53,3.16,0,0,0,13.55,0,1.69,60.78,5,0,0,0,0,9.5,0,0,0,0,0,0
0,0,0,0,33.51,0,0,4.75,0,0,0,22.53,3.16,0,0,0,13.55,0,1.69,60.78,5,0,0,0,0,9.5,0,0,0,0,0
0,0,0,0,0,33.51,0,0,4.75,0,0,0,22.53,3.16,0,0,0,13.55,0,1.69,60.78,5,0,0,0,0,9.5,0,0,0,0
0,0,0,0,0,0,33.51,0,0,4.75,0,0,0,22.53,3.16,0,0,0,13.55,0,1.69,60.78,5,0,0,0,0,9.5,0,0,0
10,0,0,0,0,0,0,33.51,0,0,4.75,0,0,0,22.53,3.16,0,0,0,13.55,0,1.69,60.78,5,0,0,0,0,9.5,0,0
0,10,0,0,0,0,0,0,33.51,0,0,4.75,0,0,0,22.53,3.16,0,0,0,13.55,0,1.69,60.78,5,0,0,0,0,9.5,0
0,0,10,0,0,0,0,0,0,33.51,0,0,4.75,0,0,0,22.53,3.16,0,0,0,13.55,0,1.69,60.78,5,0,0,0,0,9.5
8,0,0,10,0,0,0,0,0,0,33.51,0,0,4.75,0,0,0,22.53,3.16,0,0,0,13.55,0,1.69,60.78,5,0,0,0,0
0,8,0,0,10,0,0,0,0,0,0,33.51,0,0,4.75,0,0,0,22.53,3.16,0,0,0,13.55,0,1.69,60.78,5,0,0,0
0,0,8,0,0,10,0,0,0,0,0,0,33.51,0,0,4.75,0,0,0,22.53,3.16,0,0,0,13.55,0,1.69,60.78,5,0,0
0,0,0,8,0,0,10,0,0,0,0,0,0,33.51,0,0,4.75,0,0,0,22.53,3.16,0,0,0,13.55,0,1.69,60.78,5,0
0,0,0,0,8,0,0,10,0,0,0,0,0,0,33.51,0,0,4.75,0,0,0,22.53,3.16,0,0,0,13.55,0,1.69,60.78,5
0,0,0,0,0,8,0,0,10,0,0,0,0,0,0,33.51,0,0,4.75,0,0,0,22.53,3.16,0,0,0,13.55,0,1.69,60.78
0,0,0,0,0,0,8,0,0,10,0,0,0,0,0,0,33.51,0,0,4.75,0,0,0,22.53,3.16,0,0,0,13.55,0,1.69
0,0,0,0,0,0,0,8,0,0,10,0,0,0,0,0,0,33.51,0,0,4.75,0,0,0,22.53,3.16,0,0,0,13.55,0
9.95,0,0,0,0,0,0,0,8,0,0,10,0,0,0,0,0,0,33.51,0,0,4.75,0,0,0,22.53,3.16,0,0,0,13.55
0,9.95,0,0,0,0,0,0,0,8,0,0,10,0,0,0,0,0,0,33.51,0,0,4.75,0,0,0,22.53,3.16,0,0,0
98.88,0,9.95,0,0,0,0,0,0,0,8,0,0,10,0,0,0,0,0,0,33.51,0,0,4.75,0,0,0,22.53,3.16,0,0
0,98.88,0,9.95,0,0,0,0,0,0,0,8,0,0,10,0,0,0,0,0,0,33.51,0,0,4.75,0,0,0,22.53,3.16,0
20.07,0,98.88,0,9.95,0,0,0,0,0,0,0,8,0,0,10,0,0,0,0,0,0,33.51,0,0,4.75,0,0,0,22.53,3.16
12.37,20.07,0,98.88,0,9.95,0,0,0,0,0,0,0,8,0,0,10,0,0,0,0,0,0,33.51,0,0,4.75,0,0,0,22.53
0,12.37,20.07,0,98.88,0,9.95,0,0,0,0,0,0,0,8,0,0,10,0,0,0,0,0,0,33.51,0,0,4.75,0,0,0
38.34,0,12.37,20.07,0,98.88,0,9.95,0,0,0,0,0,0,0,8,0,0,10,0,0,0,0,0,0,33.51,0,0,4.75,0,0
0,38.34,0,12.37,20.07,0,98.88,0,9.95,0,0,0,0,0,0,0,8,0,0,10,0,0,0,0,0,0,33.51,0,0,4.75,0
0,0,38.34,0,12.37,20.07,0,98.88,0,9.95,0,0,0,0,0,0,0,8,0,0,10,0,0,0,0,0,0,33.51,0,0,4.75
0,0,0,38.34,0,12.37,20.07,0,98.88,0,9.95,0,0,0,0,0,0,0,8,0,0,10,0,0,0,0,0,0,33.51,0,0
0,0,0,0,38.34,0,12.37,20.07,0,98.88,0,9.95,0,0,0,0,0,0,0,8,0,0,10,0,0,0,0,0,0,33.51,0
48.85,0,0,0,0,38.34,0,12.37,20.07,0,98.88,0,9.95,0,0,0,0,0,0,0,8,0,0,10,0,0,0,0,0,0,33.51
0,48.85,0,0,0,0,38.34,0,12.37,20.07,0,98.88,0,9.95,0,0,0,0,0,0,0,8,0,0,10,0,0,0,0,0,0
0,0,48.85,0,0,0,0,38.34,0,12.37,20.07,0,98.88,0,9.95,0,0,0,0,0,0,0,8,0,0,10,0,0,0,0,0
73.8,0,0,48.85,0,0,0,0,38.34,0,12.37,20.07,0,98.88,0,9.95,0,0,0,0,0,0,0,8,0,0,10,0,0,0,0
3.17,73.8,0,0,48.85,0,0,0,0,38.34,0,12.37,20.07,0,98.88,0,9.95,0,0,0,0,0,0,0,8,0,0,10,0,0,0
0,3.17,73.8,0,0,48.85,0,0,0,0,38.34,0,12.37,20.07,0,98.88,0,9.95,0,0,0,0,0,0,0,8,0,0,10,0,0
0,0,3.17,73.8,0,0,48.85,0,0,0,0,38.34,0,12.37,20.07,0,98.88,0,9.95,0,0,0,0,0,0,0,8,0,0,10,0
5,0,0,3.17,73.8,0,0,48.85,0,0,0,0,38.34,0,12.37,20.07,0,98.88,0,9.95,0,0,0,0,0,0,0,8,0,0,10
0,5,0,0,3.17,73.8,0,0,48.85,0,0,0,0,38.34,0,12.37,20.07,0,98.88,0,9.95,0,0,0,0,0,0,0,8,0,0
24.65,0,5,0,0,3.17,73.8,0,0,48.85,0,0,0,0,38.34,0,12.37,20.07,0,98.88,0,9.95,0,0,0,0,0,0,0,8,0
7.09,24.65,0,5,0,0,3.17,73.8,0,0,48.85,0,0,0,0,38.34,0,12.37,20.07,0,98.88,0,9.95,0,0,0,0,0,0,0,8
17.76,7.09,24.65,0,5,0,0,3.17,73.8,0,0,48.85,0,0,0,0,38.34,0,12.37,20.07,0,98.88,0,9.95,0,0,0,0,0,0,0
185,17.76,7.09,24.65,0,5,0,0,3.17,73.8,0,0,48.85,0,0,0,0,38.34,0,12.37,20.07,0,98.88,0,9.95,0,0,0,0,0,0
0,185,17.76,7.09,24.65,0,5,0,0,3.17,73.8,0,0,48.85,0,0,0,0,38.34,0,12.37,20.07,0,98.88,0,9.95,0,0,0,0,0
0,0,185,17.76,7.09,24.65,0,5,0,0,3.17,73.8,0,0,48.85,0,0,0,0,38.34,0,12.37,20.07,0,98.88,0,9.95,0,0,0,0
0,0,0,185,17.76,7.09,24.65,0,5,0,0,3.17,73.8,0,0,48.85,0,0,0,0,38.34,0,12.37,20.07,0,98.88,0,9.95,0,0,0
0,0,0,0,185,17.76,7.09,24.65,0,5,0,0,3.17,73.8,0,0,48.85,0,0,0,0,38.34,0,12.37,20.07,0,98.88,0,9.95,0,0
0,0,0,0,0,185,17.76,7.09,24.65,0,5,0,0,3.17,73.8,0,0,48.85,0,0,0,0,38.34,0,12.37,20.07,0,98.88,0,9.95,0
0,0,0,0,0,0,185,17.76,7.09,24.65,0,5,0,0,3.17,73.8,0,0,48.85,0,0,0,0,38.34,0,12.37,20.07,0,98.88,0,9.95
0,0,0,0,0,0,0,185,17.76,7.09,24.65,0,5,0,0,3.17,73.8,0,0,48.85,0,0,0,0,38.34,0,12.37,20.07,0,98.88,0
0,0,0,0,0,0,0,0,185,17.76,7.09,24.65,0,5,0,0,3.17,73.8,0,0,48.85,0,0,0,0,38.34,0,12.37,20.07,0,98.88
0,0,0,0,0,0,0,0,0,185,17.76,7.09,24.65,0,5,0,0,3.17,73.8,0,0,48.85,0,0,0,0,38.34,0,12.37,20.07,0
0,0,0,0,0,0,0,0,0,0,185,17.76,7.09,24.65,0,5,0,0,3.17,73.8,0,0,48.85,0,0,0,0,38.34,0,12.37,20.07
0,0,0,0,0,0,0,0,0,0,0,185,17.76,7.09,24.65,0,5,0,0,3.17,73.8,0,0,48.85,0,0,0,0,38.34,0,12.37
0,0,0,0,0,0,0,0,0,0,0,0,185,17.76,7.09,24.65,0,5,0,0,3.17,73.8,0,0,48.85,0,0,0,0,38.34,0
0,0,0,0,0,0,0,0,0,0,0,0,0,185,17.76,7.09,24.65,0,5,0,0,3.17,73.8,0,0,48.85,0,0,0,0,38.34
0,0,0,0,0,0,0,0,0,0,0,0,0,0,185,17.76,7.09,24.65,0,5,0,0,3.17,73.8,0,0,48.85,0,0,0,0
0,0,0,0,0,0,0,0,0,0,0,0,0,0,0,185,17.76,7.09,24.65,0,5,0,0,3.17,73.8,0,0,48.85,0,0,0
0,0,0,0,0,0,0,0,0,0,0,0,0,0,0,0,185,17.76,7.09,24.65,0,5,0,0,3.17,73.8,0,0,48.85,0,0
0,0,0,0,0,0,0,0,0,0,0,0,0,0,0,0,0,185,17.76,7.09,24.65,0,5,0,0,3.17,73.8,0,0,48.85,0
0,0,0,0,0,0,0,0,0,0,0,0,0,0,0,0,0,0,185,17.76,7.09,24.65,0,5,0,0,3.17,73.8,0,0,48.85
